gouvernorat,year,risk_class,predicted_risk_class,risk_score,predicted_fire_count,predicted_area_burned_ha,predicted_severity_score,scored_pixel_days,observed_fire_pixel_days,mean_raw_risk_score,max_raw_risk_score,critical_alert_pixel_days,high_or_critical_alert_pixel_days,watch_or_above_alert_pixel_days
Ariana,2015,Medium,Medium,0.4190311957013133,8.524010874500062,3.0203279906930063,0.380881450438024,,,,,,,
Ariana,2016,High,Medium,0.5769104141980688,12.148214436533857,19.159299341912615,0.5153501736358315,,,,,,,
Ariana,2017,Medium,Medium,0.4152982423762808,15.0,12.479761363388166,0.5188907098539228,195.0,13.0,0.37261863194358974,0.8287221,0.0,1.0,8.0
Ariana,2018,Medium,High,0.5128302404241587,15.0,24.71646349724774,0.5554439132754184,151.0,9.0,0.2637253134589404,0.7490152,0.0,1.0,9.0
Ariana,2019,Medium,High,0.48242141428529395,15.0,22.464391440592703,0.5502576810273884,338.0,26.0,0.5077120390535502,0.897673,0.0,8.0,18.0
Ariana,2020,Medium,Medium,0.4581221806157113,15.0,20.201705934859667,0.5445194236872578,240.0,17.0,0.39458133094875,0.90002275,0.0,4.0,12.0
Ariana,2021,Medium,High,0.5053239679844418,15.0,42.054707310376955,0.5846064925869178,470.0,38.0,0.5200477029619149,0.97328824,0.0,2.0,13.0
Ariana,2022,High,High,0.703026911743833,15.0,196.6306448250216,0.6708440523096086,1361.0,119.0,0.5746258017833946,0.98808914,6.0,55.0,135.0
Ariana,2023,Medium,Medium,0.3838532927296362,15.0,18.152232858182284,0.5387664547480318,261.0,19.0,0.18614098463639847,0.94801563,0.0,4.0,17.0
Ariana,2024,Medium,Medium,0.4762798333101089,15.0,13.397594511348194,0.5226183251035734,218.0,15.0,0.14762528923348622,0.9692442,0.0,4.0,13.0
Ariana,2025,Medium,High,0.5394720513545966,29.469418411076873,15.54404238311945,0.616834636912707,,,,,,,
Beja,2015,High,High,0.6739672609220979,29.181063713061572,38.61553121355983,0.6649731221916044,,,,,,,
Beja,2016,High,High,0.7565557222235821,35.9644282365114,89.41628170353412,0.7388499486675797,,,,,,,
Beja,2017,High,High,0.8547248905921779,44.7073334452227,483.3992535365716,0.8622949303502274,,,,,,,
Beja,2018,High,High,0.7855578412406116,47.308295145534565,135.77179133491734,0.7981522039539197,,,,,,,
Beja,2019,High,High,0.6962045964218945,55.0,195.67079052287912,0.8385133975033384,,,,,,,
Beja,2020,High,High,0.9955449605024298,85.81559272164868,464.6705533641094,0.9460664623180446,,,,,,,
Beja,2021,High,High,0.7847162115168402,97.0,376.27913008703206,0.9357416349926988,,,,,,,
Beja,2022,High,High,1.0,103.50477377010279,1117.1917850739264,0.9972246011798143,,,,,,,
Beja,2023,High,High,0.883316288775127,111.0,507.81734881555303,0.9526676162120634,,,,,,,
Beja,2024,High,High,0.7412011811789836,111.0,182.68649952740736,0.895011438410982,,,,,,,
Beja,2025,High,High,0.9878284308686553,137.4316876842223,521.6387078224625,0.9541842751765723,,,,,,,
Ben Arous,2015,Low,Medium,0.0,3.9264595253897663,2.2279335498401323,0.2800875012803062,,,,,,,
Ben Arous,2016,Medium,Medium,0.4849874217994546,2.133511740952184,2.28949020023046,0.22049906472475625,,,,,,,
Ben Arous,2017,Medium,Medium,0.3538668567771089,7.111421699061377,4.8773291417168005,0.3808481797045813,,,,,,,
Ben Arous,2018,Medium,Medium,0.321683935037228,7.0,5.076351115379651,0.38087844273510807,,,,,,,
Ben Arous,2019,Medium,Medium,0.35272672713406084,7.0,8.518729027454096,0.4062788041169493,,,,,,,
Ben Arous,2020,Medium,Medium,0.3079576174461137,7.0,7.520957334662588,0.4000125562648289,,,,,,,
Ben Arous,2021,Medium,Medium,0.38082084505305236,7.0,13.442000228720811,0.42986958238685663,,,,,,,
Ben Arous,2022,High,High,0.7172108713669816,8.649957864495981,91.59333869621855,0.5601540324463279,,,,,,,
Ben Arous,2023,Low,Medium,0.0,11.0,3.2901335770827247,0.41553705528196544,,,,,,,
Ben Arous,2024,Medium,Medium,0.26577205477052285,11.0,2.3929345100616355,0.4022599949507152,,,,,,,
Ben Arous,2025,Medium,Medium,0.4366223775197072,18.926279974835282,4.343043772278101,0.49594307494449086,,,,,,,
Bizerte,2015,High,High,0.7196606989248118,31.54026197362267,83.50101728671689,0.7179314618524251,,,,,,,
Bizerte,2016,High,High,0.7237068202130426,42.91273167319465,113.24923808824853,0.7751809194308847,,,,,,,
Bizerte,2017,High,High,0.9714530035655262,57.599555561055766,1181.2627374265758,0.9457198997120094,1053.0,91.0,0.7999406138509592,0.98488057,0.0,7.0,25.0
Bizerte,2018,Medium,High,0.5165187137771579,70.0,22.785270494294107,0.7507872700436229,349.0,27.0,0.35839032704040114,0.76772165,0.0,12.0,30.0
Bizerte,2019,Medium,High,0.41614559792643696,70.0,13.729445309428362,0.7236688123372506,756.0,64.0,0.5775787116903043,0.9398521,1.0,30.0,82.0
Bizerte,2020,High,High,0.9334756146383469,70.0,146.466912115043,0.8540359908788883,966.0,83.0,0.6433195110537268,0.9798907,1.0,22.0,58.0
Bizerte,2021,High,High,0.940343251709886,78.9139749294212,357.8406217863537,0.9202144763358973,513.0,42.0,0.43663548441651073,0.96141034,0.0,11.0,32.0
Bizerte,2022,High,High,0.9824708848056747,105.24219827313762,782.8958427265007,0.9771246439644667,1373.0,120.0,0.5795155957306628,0.9909949,5.0,54.0,130.0
Bizerte,2023,High,High,0.8805530291074745,87.0,471.98655811891723,0.9485353672469434,987.0,85.0,0.3021236015485309,0.98473215,1.0,40.0,96.0
Bizerte,2024,High,High,0.8802333324443412,87.0,342.33794060104776,0.9304069854341823,647.0,54.0,0.1948554389829521,0.9730583,1.0,21.0,55.0
Bizerte,2025,High,High,0.9534235616020059,155.89996121748376,393.9022122104117,0.9383250840649069,,,,,,,
Gabes,2015,Medium,Medium,0.1865039813797309,2.3707569631557854,1.187770509043352,0.2072033373446367,,,,,,,
Gabes,2016,Low,Medium,0.0,2.0,0.06580639269092209,0.15088599563281793,,,,,,,
Gabes,2017,Low,Medium,0.0,2.0,0.012486047502148653,0.14798168187162875,88.0,4.0,0.48295395931818186,0.77434945,0.0,0.0,5.0
Gabes,2018,Low,Medium,0.0,2.0,0.026592734187357473,0.14876467845573568,63.0,1.0,0.38365265955555555,0.74004316,0.0,0.0,1.0
Gabes,2019,Low,Medium,0.0,2.0,0.0017195307623998086,0.14737670679197257,63.0,1.0,0.3438594951587302,0.78006643,0.0,0.0,2.0
Gabes,2020,Low,Medium,0.0,2.0,0.0472620495607478,0.14989271729539774,74.0,2.0,0.35563357925675676,0.8137644,0.0,1.0,4.0
Gabes,2021,Low,Medium,0.0,2.0,0.07747191645798474,0.15150201148228828,67.0,2.0,0.3284514809552239,0.84598225,0.0,0.0,2.0
Gabes,2022,Low,Medium,0.0,2.0,0.13151403905125394,0.15427142644525885,52.0,0.0,0.23806039698076922,0.7927905,0.0,0.0,1.0
Gabes,2023,Low,Medium,0.0,2.0,0.17221975065071607,0.1562714273199028,63.0,1.0,0.22817231122222223,0.84352946,0.0,0.0,2.0
Gabes,2024,Low,Medium,0.0,2.0,0.12016000145121031,0.15370072310859945,78.0,3.0,0.2240984684102564,0.8374182,0.0,1.0,2.0
Gabes,2025,Medium,Medium,0.14727948385116402,2.0,0.2083865884665552,0.1579909911138667,,,,,,,
Gafsa,2015,Medium,Medium,0.3862265170942185,4.313322889349036,2.2848606398413147,0.29121127265190555,,,,,,,
Gafsa,2016,Low,Medium,0.0,8.0,0.9331363706802747,0.3318592453044209,,,,,,,
Gafsa,2017,Low,Medium,0.0,8.0,0.2431758472895285,0.30687665157102845,1009.0,87.0,0.7885252339693756,0.9828516,1.0,9.0,39.0
Gafsa,2018,Low,Medium,0.0,8.0,0.10233032092154451,0.3000722298004575,151.0,9.0,0.2691492089807947,0.82169396,0.0,2.0,9.0
Gafsa,2019,Low,Medium,0.0,8.0,0.05804434484470769,0.2977518455304835,635.0,53.0,0.7724797773086614,0.9902333,3.0,25.0,53.0
Gafsa,2020,Low,Medium,0.0,8.0,0.11596077631153241,0.300767669083442,1415.0,124.0,0.8039110339987986,0.98770976,5.0,44.0,95.0
Gafsa,2021,Low,Medium,0.0,8.0,0.149237262215165,0.3024304094788222,2099.0,186.0,0.6958940576352073,0.991657,10.0,114.0,231.0
Gafsa,2022,Low,Medium,0.0,8.0,0.11175583994155541,0.3005540392393939,151.0,9.0,0.18967957666622515,0.95814353,0.0,3.0,6.0
Gafsa,2023,Low,Medium,0.0,8.0,0.11767205818680973,0.30085437960011163,162.0,10.0,0.15404086405925926,0.9422665,0.0,1.0,7.0
Gafsa,2024,Low,Medium,0.09348608760624728,8.0,0.14506680641183878,0.30222468074666076,75.0,2.0,0.040204916416,0.46472207,0.0,0.0,2.0
Gafsa,2025,Medium,Medium,0.21576054398695882,8.0,0.46447464326617904,0.3161474727119454,,,,,,,
Jendouba,2015,High,High,0.8558969594690516,52.065478897519,101.17080588655843,0.7942383367582224,,,,,,,
Jendouba,2016,High,High,0.8738112901250138,115.57874148728486,210.02351058017064,0.9028625410965652,,,,,,,
Jendouba,2017,High,High,1.0,141.82076797492718,2106.2053534810593,1.0,3528.0,316.0,0.8528219611906179,0.99261063,40.0,236.0,473.0
Jendouba,2018,Medium,High,0.5141927016738937,139.0,104.8753507323778,0.8638327150294997,295.0,22.0,0.29561314289118645,0.93828684,0.0,4.0,14.0
Jendouba,2019,High,High,0.6709241592183972,139.0,91.91234550372437,0.8564418571381345,1053.0,91.0,0.4939641179844349,0.9699285,3.0,45.0,92.0
Jendouba,2020,High,High,0.9304305595852679,139.0,293.9909245532028,0.9218184396273323,1624.0,143.0,0.6535923318156651,0.99117017,17.0,107.0,227.0
Jendouba,2021,High,High,1.0,148.49601407604382,2385.0226957196023,1.0,2329.0,207.0,0.6807119970026965,0.99338293,15.0,120.0,254.0
Jendouba,2022,High,High,0.9983290438206416,148.0,754.8765085579018,0.9750649098568327,1097.0,95.0,0.374823053630629,0.9881903,7.0,45.0,91.0
Jendouba,2023,High,High,1.0,180.0,706.0352044396338,0.9712849037803853,844.0,72.0,0.45224329130094787,0.99069464,5.0,36.0,79.0
Jendouba,2024,High,High,0.8012462331593615,180.0,139.92850463638055,0.8800166131264022,559.0,46.0,0.2729291685621288,0.9856478,1.0,20.0,47.0
Jendouba,2025,High,High,0.9261646699454249,180.0,276.6438482844211,0.9183888402061978,,,,,,,
Kairouan,2015,High,High,0.6226793329484492,25.227258692102417,41.74272992405518,0.6504486034070227,,,,,,,
Kairouan,2016,High,High,0.6777255224693592,28.032603751420073,87.54879173039262,0.7052886110946578,,,,,,,
Kairouan,2017,High,High,0.8351429068835621,35.313331793726924,208.5482281121631,0.7840322786255036,811.0,69.0,0.7797510423424169,0.9835707,3.0,33.0,69.0
Kairouan,2018,Medium,High,0.2716181992359804,50.0,71.09039182631422,0.7691820356033684,185.0,12.0,0.45286507356918915,0.93345684,1.0,4.0,10.0
Kairouan,2019,High,High,0.5712001862747685,50.0,46.776619611649224,0.7459022096481124,183.0,12.0,0.4761693521672131,0.93925166,0.0,4.0,12.0
Kairouan,2020,High,High,0.6139558068902544,50.0,61.995099537178454,0.7615502276315281,240.0,17.0,0.50959131458375,0.98608714,0.0,7.0,14.0
Kairouan,2021,High,High,0.8467138820557876,50.0,835.6264953640765,0.9079075039825832,1823.0,161.0,0.7496897517072407,0.99145937,12.0,61.0,144.0
Kairouan,2022,High,High,0.7383140865021462,50.0,251.39961249178305,0.8400932903377327,590.0,49.0,0.5389397554052543,0.992234,2.0,25.0,53.0
Kairouan,2023,High,High,0.769252007584819,50.0,204.43311396899347,0.8284420085050329,174.0,11.0,0.18372710168448275,0.8968894,0.0,0.0,3.0
Kairouan,2024,Medium,High,0.5352552467227687,50.0,49.05891302129119,0.7485428884795513,108.0,5.0,0.07327693043425926,0.8748794,0.0,0.0,4.0
Kairouan,2025,High,High,0.6605606349325064,50.0,75.8783617625214,0.7728209158839175,,,,,,,
Kasserine,2015,Medium,High,0.531427937432891,24.68466174430305,48.02593954176233,0.6554072534592584,,,,,,,
Kasserine,2016,Medium,High,0.5159892304392252,20.454791088709246,47.57646694304262,0.6307625655369106,,,,,,,
Kasserine,2017,High,High,0.7717607222504133,19.562216136046615,328.232069846669,0.7333560329851565,,,,,,,
Kasserine,2018,Medium,High,0.39520046478490045,18.429092844959115,44.93262798571899,0.6143001029412712,,,,,,,
Kasserine,2019,High,High,0.7537908736034412,17.0,257.5987052662415,0.7018495060195029,,,,,,,
Kasserine,2020,High,High,0.6142773784548474,23.584733783580614,43.71059452807414,0.6443256357751,,,,,,,
Kasserine,2021,High,High,0.8467138820557876,25.0,2943.422375740575,0.8367789996585693,,,,,,,
Kasserine,2022,Medium,High,0.3923614657762081,27.0,7.638555037954226,0.5687330572907208,,,,,,,
Kasserine,2023,Medium,High,0.37145737984799265,27.0,7.7302870265644135,0.5693308022244516,,,,,,,
Kasserine,2024,Medium,High,0.5192800534773522,27.0,7.06088141386315,0.5648163964386734,,,,,,,
Kasserine,2025,High,High,0.9095393356374737,97.4085980850005,235.67866681672962,0.9093552126098433,,,,,,,
Kebili,2015,Medium,Medium,0.11586786861618764,3.113683511552314,1.4663498579584084,0.2406880704363098,,,,,,,
Kebili,2016,Low,Medium,0.0,1.0,0.3991329366559431,0.1119285736652531,,,,,,,
Kebili,2017,Low,Medium,0.0,1.0,0.14583612847252303,0.1006267284832558,,,,,,,
Kebili,2018,Low,Low,0.0,1.0,0.11757434690085923,0.09921347290202268,,,,,,,
Kebili,2019,Low,Low,0.0,1.0,0.11131220871281428,0.09889549440760122,,,,,,,
Kebili,2020,Low,Medium,0.0,1.0,0.178864186033208,0.1022348068354381,,,,,,,
Kebili,2021,Low,Medium,0.0,1.0,0.20026199001792597,0.1032527542970831,,,,,,,
Kebili,2022,Low,Medium,0.0,1.0,0.21247163792053164,0.10382549677432282,,,,,,,
Kebili,2023,Low,Medium,0.0,1.0,0.18393069013838198,0.10247749297180975,,,,,,,
Kebili,2024,Low,Medium,0.0,1.0,0.2057096045390862,0.10350901295003465,,,,,,,
Kebili,2025,Medium,Medium,0.21576054398695882,3.691730571430457,0.32674137039951007,0.22322864423684674,,,,,,,
Le Kef,2015,High,High,0.7958058041775955,39.91889629268715,59.59987850011891,0.7298321803594567,,,,,,,
Le Kef,2016,High,High,0.7859471904318166,47.0,411.2924237135703,0.8597352868302189,,,,,,,
Le Kef,2017,High,High,0.7284793802766534,47.0,194.1503094590926,0.8174088297442205,,,,,,,
Le Kef,2018,Medium,High,0.5015449199054827,47.0,112.74612488094557,0.7868620323549274,,,,,,,
Le Kef,2019,Medium,High,0.4035461744971992,47.0,30.893613227348034,0.7149055568789635,,,,,,,
Le Kef,2020,Medium,High,0.42465071954701494,47.0,47.402573295732694,0.7385114949225371,,,,,,,
Le Kef,2021,High,High,0.7331255007558567,47.0,919.5257059587393,0.905188244648558,,,,,,,
Le Kef,2022,Medium,High,0.5142049495702582,47.0,55.73588482070874,0.7475008775181567,,,,,,,
Le Kef,2023,Medium,High,0.39071300683426136,47.0,15.353931716424162,0.6771076532250384,,,,,,,
Le Kef,2024,Medium,High,0.17137200350948012,47.0,18.03530783856138,0.6856994020536934,,,,,,,
Le Kef,2025,High,High,0.846693894041829,103.24696281008565,104.33295399860673,0.8635420659491218,,,,,,,
Mahdia,2015,Low,Medium,0.0,1.838054383472316,0.675933361041517,0.1690609124764869,,,,,,,
Mahdia,2016,Low,Low,0.0,0.32262496585044137,0.11258065724703507,0.04352255657614477,,,,,,,
Mahdia,2017,Low,Low,0.0,0.006747075691929686,0.013584684878645625,0.0016650410926793832,,,,,,,
Mahdia,2018,Low,Low,0.0,0.006533743231922216,0.011334771702292929,0.0015108769863723677,,,,,,,
Mahdia,2019,Low,Low,0.0,0.007884967645833277,0.025793001135006696,0.0024940033236991502,,,,,,,
Mahdia,2020,Low,Low,0.0,0.01674524388009079,0.019712345310451712,0.0033309214211524065,,,,,,,
Mahdia,2021,Low,Low,0.0,0.005917282945709635,0.011939260699276059,0.001462559823520758,,,,,,,
Mahdia,2022,Low,Low,0.0,0.114516143401398,0.03459831668601122,0.01645956143596196,,,,,,,
Mahdia,2023,Low,Low,0.0,0.015404676494365756,0.004937181672060021,0.002328101935076437,,,,,,,
Mahdia,2024,Low,Low,0.0,0.11021090055311954,0.06613241770330346,0.017639746495316893,,,,,,,
Mahdia,2025,Low,Medium,0.09292300845234634,1.7754136724456824,0.09904602900177549,0.14219238529812517,,,,,,,
Manouba,2015,Medium,Medium,0.21059650103804703,4.219872078453791,4.07969960909229,0.31350116830044933,,,,,,,
Manouba,2016,Medium,Medium,0.30172288278036413,2.538355918702733,5.165238377665385,0.272337228611399,,,,,,,
Manouba,2017,Medium,Medium,0.20954307801508482,3.0,3.115293070919096,0.2659030271394051,,,,,,,
Manouba,2018,Low,Medium,0.0,3.0,2.0341520779103606,0.24865594584586226,,,,,,,
Manouba,2019,Medium,Medium,0.22861747542783123,3.0,4.712417665134494,0.28446038365633725,,,,,,,
Manouba,2020,Medium,Medium,0.5191885617494603,6.236883166613895,13.171524149159799,0.4153601131494218,,,,,,,
Manouba,2021,High,Medium,0.6020838834183948,12.339004726178866,23.340565549709996,0.527947313183738,,,,,,,
Manouba,2022,Medium,High,0.46201795965762094,16.0,23.189513410367354,0.5601072882484796,,,,,,,
Manouba,2023,Medium,Medium,0.208790877068534,16.0,4.912872623073344,0.4803854329395699,,,,,,,
Manouba,2024,Medium,Medium,0.19913144914201653,16.0,3.4632808574580904,0.4644699124133291,,,,,,,
Manouba,2025,High,High,0.7920024983403078,30.107207298838812,20.204991521413568,0.6336578026684534,,,,,,,
Medenine,2015,Low,Medium,0.0,2.8834836279819984,1.455553134732364,0.2327198123576829,,,,,,,
Medenine,2016,Low,Low,0.0,0.3134349431608494,0.1089242719172704,0.04240153617161785,,,,,,,
Medenine,2017,Low,Low,0.0,0.27221949018483965,0.09530678339630468,0.03742813313397163,85.0,3.0,0.40024615396470586,0.8674291,0.0,2.0,6.0
Medenine,2018,Low,Low,0.0,0.006232733011057117,0.05362081793840099,0.003788756014963046,85.0,3.0,0.34168001790588237,0.7294166,0.0,0.0,3.0
Medenine,2019,Low,Low,0.0,0.21261387932585538,0.0347055041345774,0.027774407422521765,96.0,4.0,0.33528242671874997,0.8006301,0.0,1.0,5.0
Medenine,2020,Low,Low,0.0,0.2646963915841352,0.08436077467687826,0.03606466684636999,71.0,2.0,0.30609089063380285,0.8885987,0.0,0.0,1.0
Medenine,2021,Low,Low,0.0,0.04124753681528279,0.06969892441094419,0.00923143633496502,51.0,0.0,0.17493394317647057,0.43844038,0.0,0.0,0.0
Medenine,2022,Low,Low,0.0,0.5310991028367016,0.24119897520529085,0.06933510210501562,75.0,2.0,0.2242114598,0.84739417,0.0,0.0,1.0
Medenine,2023,Low,Low,0.0,0.4163730561969405,0.23247047627983078,0.05849432440060145,63.0,1.0,0.19063295773015873,0.84531224,0.0,0.0,1.0
Medenine,2024,Low,Low,0.0,0.44838369024274827,0.18229744659330233,0.05913849470136237,53.0,0.0,0.1768465211509434,0.5389852,0.0,0.0,0.0
Medenine,2025,Low,Medium,0.0,1.9450457914960055,0.4570949201334944,0.16610362408573603,,,,,,,
Monastir,2015,Low,Medium,0.0,2.1221197859257206,0.6881179083376062,0.18225924740592567,,,,,,,
Monastir,2016,Low,Low,0.0,0.2615762072574798,0.13775169532619239,0.038453376464560866,,,,,,,
Monastir,2017,Low,Low,0.0,0.03103464685876914,0.020679100234043044,0.005255511086542287,,,,,,,
Monastir,2018,Low,Low,0.0,0.014161557973632992,0.024500996775089934,0.0032549489543894413,,,,,,,
Monastir,2019,Low,Low,0.0,0.018376169945566873,0.04492268314956034,0.0049278239657589455,,,,,,,
Monastir,2020,Low,Low,0.0,0.11851290153223688,0.05152902976501821,0.017858008035348878,,,,,,,
Monastir,2021,Low,Low,0.0,0.021409533085906245,0.06551932812029862,0.006431127987337288,,,,,,,
Monastir,2022,Low,Low,0.0,0.1759266917492928,0.11112555161857465,0.02768820548269915,,,,,,,
Monastir,2023,Low,Low,0.0,0.06596548660346827,0.09880186825550274,0.01389568779905868,,,,,,,
Monastir,2024,Medium,Low,0.14477497374319884,0.28912076181369467,0.22854246891578353,0.04569344668755892,,,,,,,
Monastir,2025,Medium,Medium,0.2765787641801491,6.1357613451673165,1.0329906949198637,0.30359332609231454,,,,,,,
Nabeul,2015,High,High,0.5812995456537136,22.41973051630706,18.038613477553454,0.5895051149199916,,,,,,,
Nabeul,2016,Medium,High,0.41451989552520563,24.0,24.594535056363675,0.6150040262668107,,,,,,,
Nabeul,2017,Medium,High,0.5043289213571258,24.0,25.016557438615504,0.6159294998690311,,,,,,,
Nabeul,2018,Medium,High,0.5362048349219171,24.0,32.74929452817047,0.6306554459288592,,,,,,,
Nabeul,2019,High,High,0.6513195939546519,24.0,72.7688942608961,0.6749067693539939,,,,,,,
Nabeul,2020,High,High,0.6276650956399621,24.0,52.55232744145686,0.6567825672703955,,,,,,,
Nabeul,2021,High,High,0.8242471676369543,32.388753152913054,379.84547225559623,0.8065843692891956,,,,,,,
Nabeul,2022,High,High,0.8686561873135356,38.65522867127479,146.44464332971026,0.7759435046568987,,,,,,,
Nabeul,2023,High,High,0.7666697080617643,63.0,111.5227229589123,0.8248166230038958,,,,,,,
Nabeul,2024,High,High,0.6888554302768031,63.0,59.345294589316126,0.7895575973010709,,,,,,,
Nabeul,2025,High,High,0.702735382604972,63.0,73.12371989780817,0.8011952704988785,,,,,,,
Sfax,2015,Medium,Medium,0.15509236614475455,1.1227740045646646,0.8104457968375784,0.13449951586286515,,,,,,,
Sfax,2016,Low,Medium,0.0,1.0,0.16672554139431683,0.10164909507102868,,,,,,,
Sfax,2017,Low,Low,0.0,1.0,0.010170584520569485,0.09349564442832521,118.0,6.0,0.4058670127881356,0.7667693,0.0,2.0,6.0
Sfax,2018,Low,Low,0.0,1.0,0.020318919780609623,0.0940613098046767,64.0,1.0,0.294227578046875,0.7918387,0.0,0.0,2.0
Sfax,2019,Low,Low,0.0,1.0,0.011184921046949254,0.09355243828002124,51.0,0.0,0.34229222782352936,0.75885236,0.0,0.0,0.0
Sfax,2020,Low,Low,0.0,1.0,0.02169678938488464,0.09413767773669232,64.0,1.0,0.3916701692578125,0.784421,0.0,0.0,1.0
Sfax,2021,Low,Low,0.0,1.0,0.021321527966682324,0.09411688921612481,106.0,5.0,0.43684080072641507,0.83598745,0.0,0.0,5.0
Sfax,2022,Low,Low,0.0,1.0,0.10813772252608436,0.09873361548354093,64.0,1.0,0.332552577640625,0.831098,0.0,0.0,1.0
Sfax,2023,Low,Medium,0.0,1.0,0.13935433970085942,0.10030570591972723,107.0,5.0,0.2311190340140187,0.8174015,0.0,2.0,5.0
Sfax,2024,Low,Medium,0.0,1.0,0.23195313101182138,0.10472751784381532,119.0,6.0,0.15682231971428573,0.7977719,0.0,3.0,8.0
Sfax,2025,Medium,Medium,0.15004046986907765,4.362102920489339,0.28429510625254606,0.23929289506721546,,,,,,,
Sidi Bouzid,2015,Medium,Medium,0.4725934093658538,2.316355228390136,2.0227042104330404,0.22331551517012982,,,,,,,
Sidi Bouzid,2016,Low,Medium,0.0,9.0,1.7757338657105723,0.36645610871716766,,,,,,,
Sidi Bouzid,2017,Low,Medium,0.0,9.0,0.4854724652205579,0.33107767566574847,,,,,,,
Sidi Bouzid,2018,Low,Medium,0.0,9.0,0.6587137819103491,0.3373199838400732,,,,,,,
Sidi Bouzid,2019,Low,Medium,0.0,9.0,0.11357032425284572,0.3147709069463417,,,,,,,
Sidi Bouzid,2020,Low,Medium,0.0,9.0,0.15644251752073893,0.31690867683674645,,,,,,,
Sidi Bouzid,2021,Low,Medium,0.0,9.0,0.18197593726931865,0.31814452734121396,,,,,,,
Sidi Bouzid,2022,Low,Medium,0.0,9.0,0.19564340964154636,0.3187951251344859,,,,,,,
Sidi Bouzid,2023,Low,Medium,0.0,9.0,0.1645900885410489,0.31730596956915985,,,,,,,
Sidi Bouzid,2024,Medium,Medium,0.1531851115128969,9.0,0.2492237466372405,0.32127586737163477,,,,,,,
Sidi Bouzid,2025,Medium,Medium,0.36935579315702183,9.0,1.3398232614096657,0.3567884589467914,,,,,,,
Siliana,2015,High,High,0.7581495171248906,35.949019977248554,69.1835443471748,0.7244594715358486,,,,,,,
Siliana,2016,High,High,0.8789036467908744,47.32533664602597,471.2922371616223,0.8683293237618179,,,,,,,
Siliana,2017,High,High,0.9132659943297445,45.53582868547423,1200.114575416323,0.9148185553984884,,,,,,,
Siliana,2018,High,High,0.808396661162764,45.0,212.80079680394368,0.8168684462708493,,,,,,,
Siliana,2019,Medium,High,0.4563014804410841,45.0,39.71226558317201,0.7230147430321779,,,,,,,
Siliana,2020,High,High,0.7049950915811559,45.0,79.96645312779692,0.7619199834107903,,,,,,,
Siliana,2021,High,High,0.7064567636446027,45.0,204.24312648447255,0.8145568163165481,,,,,,,
Siliana,2022,High,High,0.7947302042366728,45.0,800.8653349550993,0.8916732007939303,,,,,,,
Siliana,2023,High,High,0.8911354750573869,45.0,384.3261126517361,0.850201923504663,,,,,,,
Siliana,2024,High,High,0.6009771783742047,45.0,81.48993000919064,0.7629748765870272,,,,,,,
Siliana,2025,High,High,0.9161491068137498,59.78839584558819,632.0362346798922,0.9156649382593525,,,,,,,
Sousse,2015,Medium,Medium,0.1503093016718894,2.1901005888259766,0.9552611976312657,0.19346038762324003,,,,,,,
Sousse,2016,Low,Medium,0.0,2.0,0.371481533170785,0.1651554679441438,,,,,,,
Sousse,2017,Low,Medium,0.0,2.0,0.023516663818272575,0.14859486133260455,129.0,7.0,0.526656126248062,0.91361207,0.0,2.0,7.0
Sousse,2018,Low,Medium,0.0,2.0,0.006051748764170462,0.14762091410359743,107.0,5.0,0.5167889695700935,0.8419736,0.0,2.0,8.0
Sousse,2019,Low,Medium,0.0,2.0,0.008496235519085597,0.1477582462503343,173.0,11.0,0.5321781299797688,0.90405494,0.0,2.0,10.0
Sousse,2020,Low,Medium,0.0,2.0,0.005726630586502905,0.1476026237103563,185.0,12.0,0.5073615139783784,0.8789019,0.0,3.0,11.0
Sousse,2021,Low,Medium,0.0,2.0,0.008922691574740777,0.1477821705990944,118.0,6.0,0.3555378536101695,0.8558407,0.0,1.0,5.0
Sousse,2022,Low,Medium,0.0,2.0,0.10730248850190549,0.15304742211591618,129.0,7.0,0.3811738268914729,0.89199126,0.0,1.0,7.0
Sousse,2023,Low,Medium,0.0,2.0,0.09867590642520745,0.15260483207083061,140.0,8.0,0.20343217931357144,0.9084916,0.0,2.0,8.0
Sousse,2024,Low,Medium,0.0,2.0,0.1642325552381909,0.15588452529290295,97.0,4.0,0.2287802365257732,0.7894376,0.0,1.0,3.0
Sousse,2025,High,Medium,0.7102032375288693,11.666737032316108,1.4539665034865874,0.39117473050333496,,,,,,,
Tataouine,2015,Low,Medium,0.0,1.47508082609794,0.5419028541584741,0.145998579118969,,,,,,,
Tataouine,2016,Low,Low,0.0,0.0762881197877414,0.04283681918680581,0.012229425877836052,,,,,,,
Tataouine,2017,Low,Low,0.0,0.0048483025111906745,0.015062721084166814,0.0014944190642678734,74.0,2.0,0.35545458912162164,0.79772955,0.0,1.0,3.0
Tataouine,2018,Low,Low,0.0,0.007077105574643713,0.0284547578660575,0.0025331544008443214,85.0,3.0,0.4002996713529412,0.75056857,0.0,2.0,6.0
Tataouine,2019,Low,Low,0.0,0.06808108757181267,0.009239854175619358,0.00935012695923137,74.0,2.0,0.3708236945945946,0.8799426,0.0,0.0,1.0
Tataouine,2020,Low,Low,0.0,0.09432359602219842,0.01890553994662581,0.013143511444576319,64.0,1.0,0.318933880625,0.7718934,0.0,0.0,1.0
Tataouine,2021,Low,Low,0.0,0.005871543954917409,0.02541339909275562,0.002204983384670144,118.0,6.0,0.3548311644237288,0.8701511,0.0,1.0,5.0
Tataouine,2022,Low,Low,0.0,0.2124559859899383,0.07320730861623581,0.029824417903272313,63.0,1.0,0.3637497801111111,0.8739559,0.0,0.0,1.0
Tataouine,2023,Low,Low,0.0,0.01683289779633304,0.0039302815826321325,0.0024598034904459304,63.0,1.0,0.32541396046031745,0.8194151,0.0,0.0,1.0
Tataouine,2024,Low,Low,0.0,0.17931140937301396,0.039447853363885156,0.02429994871192177,218.0,15.0,0.27783570095871557,0.881145,0.0,4.0,17.0
Tataouine,2025,Low,Low,0.0,0.9176701322359652,0.0581678532156426,0.09048713649912542,,,,,,,
Tozeur,2015,Low,Medium,0.0,1.9842190791032432,0.72582605114167,0.17745336744393228,,,,,,,
Tozeur,2016,Low,Low,0.0,0.02548078568574578,0.004499883979544204,0.0036272206541459575,,,,,,,
Tozeur,2017,Low,Low,0.0,0.004725396892767219,0.0016874940742954293,0.0007274057101136137,52.0,0.0,0.2805737870961539,0.7822379,0.0,0.0,0.0
Tozeur,2018,Low,Low,0.0,0.004507741614526861,0.001883764367452815,0.0007094479653574437,63.0,1.0,0.2629587601428572,0.5971271,0.0,0.0,2.0
Tozeur,2019,Low,Low,0.0,0.004508109193434627,0.001836966550954352,0.000706853698151083,97.0,4.0,0.3648440797731959,0.8419704,0.0,1.0,3.0
Tozeur,2020,Low,Low,0.0,0.00424506140219558,0.001689862480402586,0.0006634334727237465,63.0,1.0,0.2529351495714286,0.7684266,0.0,0.0,1.0
Tozeur,2021,Low,Low,0.0,0.00424506140219558,0.001689862480402586,0.0006634334727237465,63.0,4.0,0.32382677955555556,0.87440157,0.0,2.0,4.0
Tozeur,2022,Low,Low,0.0,0.006866538607929635,0.055339522080262174,0.003965405616145008,64.0,1.0,0.157641309203125,0.8131164,0.0,0.0,1.0
Tozeur,2023,Low,Low,0.0,0.016345056371987403,0.15461116645847084,0.010308934779966944,52.0,0.0,0.13701086184615383,0.70401967,0.0,0.0,1.0
Tozeur,2024,Low,Low,0.0,0.08897499837445043,0.07412238531452509,0.015473155385974883,64.0,1.0,0.11039306065625,0.6862804,0.0,0.0,1.0
Tozeur,2025,Low,Medium,0.0,1.3941946048031935,0.16008162514813082,0.1254432050176706,,,,,,,
Tunis,2015,Medium,Medium,0.19225917252504632,2.0667776824053523,0.4929032229317072,0.17290731132195303,,,,,,,
Tunis,2016,Low,Medium,0.0,3.0,0.1972678983771951,0.19603442336089827,,,,,,,
Tunis,2017,Medium,Medium,0.17894757499608882,3.0,0.18878820780218938,0.19563220387603342,,,,,,,
Tunis,2018,Medium,Medium,0.18054173641656104,3.0,0.4312195849413451,0.20613469348641938,,,,,,,
Tunis,2019,Low,Medium,0.0,3.0,0.2370474006791062,0.1978840458687923,,,,,,,
Tunis,2020,Medium,Medium,0.20069294513554245,3.0,0.1348970954918901,0.19300689961721074,,,,,,,
Tunis,2021,Medium,Medium,0.16299038288021828,3.0,0.5964609250668076,0.21231773761468403,,,,,,,
Tunis,2022,Low,Medium,0.09331775137482871,3.0,0.35426562604778045,0.20300715573809058,,,,,,,
Tunis,2023,Low,Medium,0.0,3.0,0.18434630536107166,0.19542036332811658,,,,,,,
Tunis,2024,Low,Medium,0.0,3.0,0.1008533281514006,0.19128340558319207,,,,,,,
Tunis,2025,Medium,Medium,0.14727948385116402,3.6872778078498007,0.1075152438351191,0.21288099344698477,,,,,,,
Zaghouan,2015,High,High,0.5982777783117064,23.71187085399116,28.083538848591083,0.62068169899793,,,,,,,
Zaghouan,2016,High,High,0.6841485032312336,24.0,45.067059585371084,0.6482624665871768,,,,,,,
Zaghouan,2017,High,High,0.7515543102555434,31.0,250.76183230586594,0.7774663308035348,,,,,,,
Zaghouan,2018,Medium,High,0.5267570792559269,31.0,37.67787589593402,0.6714629455865022,,,,,,,
Zaghouan,2019,Medium,High,0.43643875362196144,31.0,30.36495289345597,0.6596032159109786,,,,,,,
Zaghouan,2020,High,High,0.5908949856447165,31.0,49.371895266737766,0.6864118113637923,,,,,,,
Zaghouan,2021,High,High,0.841838451553492,31.0,849.8478068714033,0.8463775563938147,,,,,,,
Zaghouan,2022,High,High,0.8055283758197314,31.0,278.84903396922005,0.7834515648732425,,,,,,,
Zaghouan,2023,Medium,High,0.5120166508679934,31.0,52.43916918562854,0.6897568202029031,,,,,,,
Zaghouan,2024,Medium,High,0.5049148019985079,31.0,107.58292190530949,0.7298767238910455,,,,,,,
Zaghouan,2025,High,High,0.9588687432967018,77.82775161175363,225.6263025796773,0.8923728503423789,,,,,,,
