gouvernorat,year,fire_count,area_burned_ha,forest_area_ha,other_forest_area_ha,tavg,tmax,tmin,prcp,wspd,pres,NDVI,NDMI,NBR,brightness,total_frp,confidence,satellite_fire_count
Ariana,2015,10.0,4.608,1141.0,1522.0,23.13636363636364,34.6,12.5,15.2,17.43,1020.1,0.09203161388121908,-0.06931741078330206,0.0008058387504478475,324.8090909090909,158.0,64.36363636363636,11.0
Ariana,2016,15.0,36.58,1141.0,1522.0,21.453333333333333,39.0,4.5,49.1,14.306666666666668,1017.1910714285714,0.0901455429964953,-0.0773824890622776,-0.0013287955210824,329.43333333333334,851.2,66.125,24.0
Ariana,2017,10.0,4.25,1141.0,1522.0,19.53288043478261,42.7,-4.8,318.4,13.078474114441418,1017.2449035812672,0.0953169830541285,-0.0616613672352681,0.0108300938444385,321.38461538461536,183.3,61.69230769230769,13.0
Ariana,2018,9.0,35.875,1141.0,1522.0,19.576712328767123,43.6,-6.5,491.3,12.968406593406591,1012.401699716714,0.0951690392883357,-0.0662696713284299,0.0042307633280434,318.0222222222222,127.6,62.333333333333336,9.0
Ariana,2019,8.0,26.654,1141.0,1522.0,19.90608465608465,44.1,4.0,530.5,13.93968253968254,1015.5899470899471,0.0985081899615801,-0.0619976885841751,0.0098753368347586,325.7192307692308,812.4,66.23076923076923,26.0
Ariana,2020,8.0,17.0,1141.0,1522.0,19.808130081300813,42.0,3.5,423.8,12.8159891598916,1017.2853658536584,0.0891483653821934,-0.0682735874144097,0.0013409184681932,329.2882352941176,347.8,70.17647058823529,17.0
Ariana,2021,8.0,40.45,1141.0,1522.0,20.48293963254593,49.0,3.5,350.3,12.635695538057742,1016.2451443569554,0.0910379044602431,-0.0703392148485857,-0.0028129693725397,333.7184210526316,1913.4,72.94736842105263,38.0
Ariana,2022,10.0,846.9,1141.0,1522.0,22.79715536105033,44.6,3.0,268.3,12.431072210065643,1016.3715536105032,0.0904326293344522,-0.0712960055127772,-0.004417121716374,343.79999999999995,10709.6,82.70588235294117,119.0
Ariana,2023,4.0,18.5,1141.0,1522.0,20.674054054054054,49.0,1.4,305.2,12.696756756756756,1016.3656756756756,0.0809199306117161,-0.0740600436045165,-0.0098012321273791,316.6894736842105,434.8,64.6842105263158,19.0
Ariana,2024,11.0,11.55,1141.0,1522.0,20.81517615176152,43.4,4.5,270.6,12.505149051490514,1016.5620596205964,0.0919173119031877,-0.0724141724151161,-0.0054989141262618,317.6933333333333,187.7,60.4,15.0
Ariana,2025,21.0,8.12,1141.0,1522.0,20.45917808219178,45.2,0.7,422.3,11.813424657534243,1016.4498630136986,0.0967184463527816,-0.0661117097889653,0.0089611435498509,323.0436454752181,0.0,65.29756656992024,0.0
Beja,2015,28.0,50.046,48117.0,32063.0,26.910591801085896,40.739999999999995,14.3,2.0555555555555554,13.165516360070134,1019.06875,0.09203161388121908,-0.06931741078330206,0.0008058387504478475,321.70263005783477,0.0,61.68557775341401,0.0
Beja,2016,44.0,76.58,48117.0,32063.0,22.00346496085974,40.233333333333334,4.311111111111111,5.672727272727273,13.619223517905711,1016.8962394965931,0.08933277091171263,-0.079292706691506,-0.0030758624181950996,322.52989787254387,0.0,61.49336910961134,0.0
Beja,2017,41.0,516.769,48117.0,32063.0,21.272126366616064,44.44444444444444,0.35555555555555557,88.8,13.01565390444876,1016.840465441503,0.0944268191107382,-0.06406095298103373,0.008192211880793963,326.5986745217249,0.0,63.256359378637306,0.0
Beja,2018,55.0,76.149,48117.0,32063.0,20.45376754505939,45.14545454545455,1.8272727272727274,145.47272727272727,13.726083768892119,1015.0103880944705,0.09556175740947545,-0.06582210391356734,0.0047613527309758544,319.2079996939088,0.0,61.5048668503214,0.0
Beja,2019,18.0,204.91,48117.0,32063.0,20.614126650036905,44.88181818181818,-1.9909090909090907,135.0,14.138777271102885,1015.6160992473164,0.1002167567313819,-0.06137518432071138,0.010599490958451991,323.4933877920087,0.0,68.466127675163,0.0
Beja,2020,97.0,1084.49,48117.0,32063.0,21.32628943746091,44.554545454545455,1.1909090909090911,142.9090909090909,13.39006922932628,1016.8704736188581,0.08977367616120505,-0.06877452522284531,0.0008038702147865018,329.25747293512,0.0,71.88394781335957,0.0
Beja,2021,37.0,189.468,48117.0,32063.0,22.090646902066204,47.654545454545456,0.1,152.75454545454545,13.769729967386246,1016.1590162087291,0.09056086888299263,-0.07136040127289321,-0.0033992255451026454,324.1634510140843,0.0,67.5791062391721,0.0
Beja,2022,111.0,2166.735,48117.0,32063.0,21.252064231033952,44.22727272727273,1.4909090909090907,161.3909090909091,12.909214717074235,1017.1483075252759,0.09062421070345383,-0.07001989969980184,-0.003517594190538891,322.98870284780577,0.0,62.83833935328518,0.0
Beja,2023,47.0,624.43,48117.0,32063.0,21.327951415829908,48.019999999999996,-4.0600000000000005,279.8818181818182,13.476098520463276,1016.4133592864315,0.08099979695142666,-0.07350739271986148,-0.009469364905817346,324.2538285968604,0.0,67.5316102425945,0.0
Beja,2024,30.0,142.0,48117.0,32063.0,21.380369550463985,44.08,-2.0699999999999994,204.76363636363638,13.516285262934412,1016.5428084522988,0.09208614438952391,-0.07286868368816443,-0.005818128310276672,316.2404094202899,0.0,66.7363612836439,0.0
Beja,2025,159.0,946.12,48117.0,32063.0,20.898164383561642,45.519999999999996,-1.9800000000000004,290.94545454545454,12.690000000000001,1016.4559146705442,0.09673333756028037,-0.06609225732263581,0.008981637089400819,323.0436454752181,0.0,65.29756656992024,0.0
Ben Arous,2015,0.0,0.0,12920.0,5179.0,26.910591801085896,40.739999999999995,14.3,2.0555555555555554,13.165516360070134,1019.06875,0.09203161388121908,-0.06931741078330206,0.0008058387504478475,321.70263005783477,0.0,61.68557775341401,0.0
Ben Arous,2016,7.0,37.25,12920.0,5179.0,22.00346496085974,40.233333333333334,4.311111111111111,5.672727272727273,13.619223517905711,1016.8962394965931,0.08933277091171263,-0.079292706691506,-0.0030758624181950996,322.52989787254387,0.0,61.49336910961134,0.0
Ben Arous,2017,7.0,2.77,12920.0,5179.0,21.272126366616064,44.44444444444444,0.35555555555555557,88.8,13.01565390444876,1016.840465441503,0.0944268191107382,-0.06406095298103373,0.008192211880793963,326.5986745217249,0.0,63.256359378637306,0.0
Ben Arous,2018,4.0,5.5,12920.0,5179.0,20.45376754505939,45.14545454545455,1.8272727272727274,145.47272727272727,13.726083768892119,1015.0103880944705,0.09556175740947545,-0.06582210391356734,0.0047613527309758544,319.2079996939088,0.0,61.5048668503214,0.0
Ben Arous,2019,4.0,10.25,12920.0,5179.0,20.614126650036905,44.88181818181818,-1.9909090909090907,135.0,14.138777271102885,1015.6160992473164,0.1002167567313819,-0.06137518432071138,0.010599490958451991,323.4933877920087,0.0,68.466127675163,0.0
Ben Arous,2020,4.0,4.1,12920.0,5179.0,21.32628943746091,44.554545454545455,1.1909090909090911,142.9090909090909,13.39006922932628,1016.8704736188581,0.08977367616120505,-0.06877452522284531,0.0008038702147865018,329.25747293512,0.0,71.88394781335957,0.0
Ben Arous,2021,5.0,11.0,12920.0,5179.0,22.090646902066204,47.654545454545456,0.1,152.75454545454545,13.769729967386246,1016.1590162087291,0.09056086888299263,-0.07136040127289321,-0.0033992255451026454,324.1634510140843,0.0,67.5791062391721,0.0
Ben Arous,2022,11.0,885.5,12920.0,5179.0,21.252064231033952,44.22727272727273,1.4909090909090907,161.3909090909091,12.909214717074235,1017.1483075252759,0.09062421070345383,-0.07001989969980184,-0.003517594190538891,322.98870284780577,0.0,62.83833935328518,0.0
Ben Arous,2023,0.0,0.0,12920.0,5179.0,21.327951415829908,48.019999999999996,-4.0600000000000005,279.8818181818182,13.476098520463276,1016.4133592864315,0.08099979695142666,-0.07350739271986148,-0.009469364905817346,324.2538285968604,0.0,67.5316102425945,0.0
Ben Arous,2024,4.0,1.42,12920.0,5179.0,21.380369550463985,44.08,-2.0699999999999994,204.76363636363638,13.516285262934412,1016.5428084522988,0.09208614438952391,-0.07286868368816443,-0.005818128310276672,316.2404094202899,0.0,66.7363612836439,0.0
Ben Arous,2025,15.0,2.15,12920.0,5179.0,20.898164383561642,45.519999999999996,-1.9800000000000004,290.94545454545454,12.690000000000001,1016.4559146705442,0.09673333756028037,-0.06609225732263581,0.008981637089400819,323.0436454752181,0.0,65.29756656992024,0.0
Bizerte,2015,31.0,89.648,35658.0,55157.0,28.279591836734696,41.3,20.0,0.0,14.703030303030303,1012.625,0.09203161388121908,-0.06931741078330206,0.0008058387504478475,333.2384615384616,2491.7,73.92307692307692,52.0
Bizerte,2016,43.0,44.79,35658.0,55157.0,21.771186440677965,40.0,1.7,0.0,13.64074074074074,1016.9622641509434,0.0901455429964953,-0.0773824890622776,-0.0013287955210824,330.296,710.7,74.04,25.0
Bizerte,2017,70.0,4394.661,35658.0,55157.0,20.53286713286713,42.0,2.0,0.0,14.014691943127962,1017.0414868105516,0.094025758163819,-0.0660897374072085,0.0061750491913989,355.0376344086022,18648.9,83.74193548387096,93.0
Bizerte,2018,19.0,6.619,35658.0,55157.0,18.727298850574712,41.0,3.0,0.0,14.494134897360704,1015.0937293729372,0.0947695227439494,-0.0669017334355444,0.0035918362439391,329.8370370370371,830.0,73.0,27.0
Bizerte,2019,14.0,1.556,35658.0,55157.0,19.28477011494253,42.0,2.0,0.0,15.56300578034682,1015.6862416107384,0.098347229125622,-0.0631348699786067,0.0087661338421692,328.8453125,1592.3,71.703125,64.0
Bizerte,2020,74.0,526.191,35658.0,55157.0,20.1255980861244,42.0,1.8,0.0,14.671153846153846,1016.8428927680798,0.0904792090091522,-0.0693640606346143,2.52401142479205e-05,337.3282352941177,5177.1,75.48235294117647,85.0
Bizerte,2021,87.0,408.24,35658.0,55157.0,19.581984334203653,47.8,0.0,574.5,14.16840731070496,1016.17362924282,0.0886893859693608,-0.0718744848618185,-0.0046078039416328,332.3452380952381,1226.2,73.16666666666667,42.0
Bizerte,2022,86.0,880.623,35658.0,55157.0,21.52318181818182,43.0,0.9,342.1,14.848636363636365,1016.3361363636365,0.0863358356904102,-0.0767558023252623,-0.0097687039062059,336.88916666666665,7622.0,75.00833333333334,120.0
Bizerte,2023,49.0,539.72,35658.0,55157.0,20.537649880095923,48.6,1.0,509.7,15.532374100719425,1016.1225419664268,0.0802181960599627,-0.0743091638333318,-0.0099798386876476,323.6735632183908,2851.8,66.08045977011494,87.0
Bizerte,2024,61.0,322.0,35658.0,55157.0,20.39020618556701,42.0,3.7,401.6,15.981958762886595,1016.4245382585752,0.0914903142263916,-0.0720165424359133,-0.0059853904440526,323.2375,1606.6,67.16071428571429,56.0
Bizerte,2025,103.0,514.66,35658.0,55157.0,19.78904109589041,43.0,4.6,537.3,14.135068493150683,1016.3150837988826,0.0967184463527816,-0.0661117097889653,0.0089611435498509,323.0436454752181,0.0,65.29756656992024,0.0
Gabes,2015,2.0,1.0,3528.0,3625.0,26.910591801085896,40.739999999999995,14.3,2.0555555555555554,13.165516360070134,1019.06875,0.09203161388121908,-0.06931741078330206,0.0008058387504478475,321.70263005783477,0.0,61.68557775341401,0.0
Gabes,2016,0.0,0.0,3528.0,3625.0,21.125,41.0,4.0,0.0,16.92285714285714,1016.8774193548388,0.0901455429964953,-0.0773824890622776,-0.0013287955210824,322.52989787254387,0.0,61.49336910961134,0.0
Gabes,2017,0.0,0.0,3528.0,3625.0,19.71797752808989,45.0,1.0,0.0,16.05926966292135,1017.5376811594203,0.0951045061672451,-0.0617202097743574,0.0104360193259212,309.575,23.1,53.0,4.0
Gabes,2018,0.0,0.0,3528.0,3625.0,20.51780821917808,46.0,1.0,0.0,16.679656160458453,1015.5976261127596,0.0961742486817793,-0.0651297085902541,0.0056161337745213,306.1,10.1,67.0,1.0
Gabes,2019,0.0,0.0,3528.0,3625.0,20.427671232876712,46.0,1.0,28.2,16.2,1015.884383561644,0.1002479460751851,-0.060724870755043,0.0111096921643075,321.8,13.9,74.0,1.0
Gabes,2020,0.0,0.0,3528.0,3625.0,21.2879781420765,50.0,1.0,201.8,13.518852459016392,1017.1450819672132,0.0909135027810308,-0.067481124063253,0.002497344808492,311.1,18.2,57.5,2.0
Gabes,2021,0.0,0.0,3528.0,3625.0,21.161748633879785,47.0,1.0,27.3,13.901092896174864,1016.6407103825136,0.0905089415386035,-0.069976523009739,-0.0029886042647475,301.5,8.399999999999999,45.0,2.0
Gabes,2022,0.0,0.0,3528.0,3625.0,21.55835616438356,48.0,0.0,41.6,13.199452054794522,1017.3241095890412,0.0894654015287664,-0.0704321845305928,-0.0041194846220551,322.98870284780577,0.0,62.83833935328518,0.0
Gabes,2023,0.0,0.0,3528.0,3625.0,21.31068493150685,49.1,0.0,123.7,13.475616438356166,1016.5893150684932,0.0810327963619667,-0.0732977769976327,-0.009413974795342,320.0,18.5,76.0,1.0
Gabes,2024,0.0,0.0,3528.0,3625.0,21.82861035422344,47.0,-45.0,168.0,13.903814713896455,1016.51553133515,0.0922116467270185,-0.0718625008308613,-0.0051163558008816,312.5333333333333,29.3,72.66666666666667,3.0
Gabes,2025,2.0,0.0,3528.0,3625.0,21.193424657534248,47.9,-45.0,181.5,13.347397260273974,1016.5890410958904,0.0967184463527816,-0.0661117097889653,0.0089611435498509,323.0436454752181,0.0,65.29756656992024,0.0
Gafsa,2015,8.0,4.0525,4063.0,8063.0,32.99649122807018,43.6,14.0,0.0,15.145454545454545,1019.06875,0.09203161388121908,-0.06931741078330206,0.0008058387504478475,338.140350877193,4354.0,71.75438596491227,57.0
Gafsa,2016,0.0,0.0,4063.0,8063.0,22.27674418604651,43.5,2.6,5.8,15.168421052631578,1016.8346153846154,0.0901455429964953,-0.0773824890622776,-0.0013287955210824,331.61428571428576,619.8000000000001,68.71428571428571,7.0
Gafsa,2017,0.0,0.0,4063.0,8063.0,22.654794520547945,46.1,-1.0,136.6,15.075526315789473,1015.903804347826,0.0940390311124614,-0.0658427212403714,0.0064645906501185,335.9613636363636,5152.1,71.38636363636364,88.0
Gafsa,2018,0.0,0.0,4063.0,8063.0,20.349184782608692,46.5,0.0,167.6,15.6272030651341,1015.1868,0.0967319638989017,-0.0651863844246497,0.0058807126987166,314.05555555555554,90.2,63.77777777777778,9.0
Gafsa,2019,0.0,0.0,4063.0,8063.0,21.730123456790125,45.3,-0.3,127.6,15.080446927374302,1015.1342261904762,0.1067532423255143,-0.0595934094204533,0.0131751284377472,335.68333333333334,3664.7,75.77777777777777,54.0
Gafsa,2020,0.0,0.0,4063.0,8063.0,23.54430379746836,45.0,-1.2,122.7,15.14988864142539,1016.47899543379,0.0890543529982996,-0.0722511703806338,-0.0021729925771694,334.9047619047619,7052.0,77.86507936507937,126.0
Gafsa,2021,0.0,0.0,4063.0,8063.0,25.254631379962195,46.1,-3.5,54.9,15.87466918714556,1015.6446124763704,0.0912654901365926,-0.0760615560935878,-0.006761059866235,331.74848484848485,9245.0,72.55555555555556,198.0
Gafsa,2022,0.0,0.0,4063.0,8063.0,21.48780487804878,46.5,-2.8,79.7,14.774525745257453,1017.7897018970192,0.0895129640927529,-0.070680253124283,-0.0042511400412251,331.0111111111111,214.4,70.22222222222223,9.0
Gafsa,2023,0.0,0.0,4063.0,8063.0,21.121563342318066,46.5,-3.7,185.1,15.059029649595686,1017.0695417789756,0.0816143586873152,-0.073406670920007,-0.0092539525612329,329.42999999999995,193.3,68.1,10.0
Gafsa,2024,1.0,0.01,4063.0,8063.0,21.602459016393443,45.2,0.6,103.7,15.073972602739726,1017.0605633802816,0.0924670595099471,-0.0720029218398629,-0.0051206127218246,307.05,20.7,44.0,2.0
Gafsa,2025,4.0,0.0,4063.0,8063.0,21.164109589041097,46.0,1.0,142.8,14.3413698630137,1016.9335195530726,0.0967184463527816,-0.0661117097889653,0.0089611435498509,323.0436454752181,0.0,65.29756656992024,0.0
Jendouba,2015,51.0,317.7105,98714.0,14964.0,27.18947368421053,39.0,16.0,0.0,11.498245614035088,1016.2,0.09203161388121908,-0.06931741078330206,0.0008058387504478475,329.1698412698413,2146.8,71.26984126984127,63.0
Jendouba,2016,139.0,125.292,98714.0,14964.0,23.5268156424581,39.0,3.5,0.0,13.083240223463688,1016.668047337278,0.0834364751817665,-0.0911431417485954,-0.0136636804345511,333.4156462585034,8532.3,69.34693877551021,147.0
Jendouba,2017,97.0,1857.579,98714.0,14964.0,25.67250384024577,46.0,-2.8,397.5,9.148956661316213,1015.701160862355,0.0910879214376345,-0.0730620545380193,-0.0009843702485584,340.21253822629967,39288.5,80.55351681957187,327.0
Jendouba,2018,10.0,29.139,98714.0,14964.0,18.75202156334232,45.2,0.0,571.7,11.251091703056767,1015.748829953198,0.0957347320758257,-0.066458285719173,0.0041445607222049,332.8681818181818,1115.4,68.9090909090909,44.0
Jendouba,2019,23.0,74.737,98714.0,14964.0,19.80534441805225,46.1,-1.1,475.2,11.556057007125892,1015.6724465558194,0.0983469815069486,-0.0651539593227124,0.0075501851795401,328.64130434782606,5776.8,72.8586956521739,184.0
Jendouba,2020,148.0,342.481,98714.0,14964.0,21.680371900826444,45.0,-0.2,370.9,10.97448347107438,1016.2826446280992,0.0894426767096084,-0.0715302430977852,-0.0020198844994318,333.1506756756757,19958.6,75.9054054054054,296.0
Jendouba,2021,144.0,4057.919,98714.0,14964.0,23.582965009208102,49.0,-2.1,355.7,10.623756906077348,1015.5019337016575,0.084770523425252,-0.0787341502745155,-0.0091475848163443,345.73649289099524,67787.8,80.34123222748815,422.0
Jendouba,2022,180.0,1139.2298,98714.0,14964.0,21.673536299765807,47.3,-0.5,444.1,9.763583138173304,1016.4764637002344,0.0885022323721556,-0.0742238191221464,-0.007933476964065,335.16,11597.8,76.08421052631579,190.0
Jendouba,2023,100.0,1484.68,98714.0,14964.0,21.483213429256597,47.4,-45.1,721.4,9.823261390887293,1016.1761390887292,0.0787591801315065,-0.0736910291235853,-0.010082793355252,344.75479452054793,20877.6,76.31506849315069,146.0
Jendouba,2024,69.0,59.0,98714.0,14964.0,20.423273657289,45.4,1.0,319.2,8.743222506393861,1016.5790281329924,0.0914616161596195,-0.0731638357434291,-0.0059631625375637,343.3782608695652,5400.1,72.3695652173913,46.0
Jendouba,2025,199.0,317.54,98714.0,14964.0,19.395616438356164,45.3,1.5,439.9,8.340821917808219,1016.5808219178082,0.0967184463527816,-0.0661117097889653,0.0089611435498509,323.0436454752181,0.0,65.29756656992024,0.0
Kairouan,2015,22.0,34.714,36879.0,34773.0,29.48888888888889,45.2,9.0,3.3,2.465217391304348,1027.35,0.09203161388121908,-0.06931741078330206,0.0008058387504478475,326.55925925925925,1555.4,76.92592592592592,27.0
Kairouan,2016,27.0,58.28,36879.0,34773.0,24.198245614035088,43.0,6.3,7.5,2.76140350877193,1016.4907407407408,0.0879141178786147,-0.0846342302974722,-0.0082116464758534,330.81739130434784,1038.1,69.95652173913044,23.0
Kairouan,2017,50.0,230.258,36879.0,34773.0,22.73028846153846,47.7,2.8,124.3,3.901745635910224,1016.808163265306,0.0933731145518495,-0.0669132642829673,0.0061034217563699,343.40845070422534,7943.6,83.07042253521126,71.0
Kairouan,2018,2.0,8.0,36879.0,34773.0,21.35844504021448,48.3,4.4,369.6,6.675931232091691,1016.5728096676736,0.0959039001687728,-0.0663463865843227,0.0043743479416053,328.725,887.6,86.33333333333333,12.0
Kairouan,2019,12.0,54.56,36879.0,34773.0,21.330727762803235,47.1,4.0,323.5,6.967924528301887,1015.6140161725068,0.0998440982289535,-0.0611242984506595,0.0106915699935473,324.8333333333333,493.1,75.75,12.0
Kairouan,2020,17.0,53.712,36879.0,34773.0,21.298927613941014,46.0,-3.6,452.8,6.2691689008042895,1017.0828418230564,0.0897816820035692,-0.0679746528746105,0.0015501495830085,332.0352941176471,756.7,69.29411764705883,17.0
Kairouan,2021,27.0,1833.18,36879.0,34773.0,25.20558882235529,50.3,-4.7,75.2,6.429940119760479,1015.8630738522954,0.0905192926526844,-0.0746935526907049,-0.0048822240377054,339.1467065868263,13900.6,78.88023952095809,167.0
Kairouan,2022,19.0,382.774,36879.0,34773.0,23.404455445544556,48.0,2.9,222.4,6.050742574257426,1016.6371287128712,0.0913547866387106,-0.0714221939326607,-0.0043436193194611,332.81960784313725,3173.7,76.86274509803921,51.0
Kairouan,2023,22.0,475.12,36879.0,34773.0,22.3505376344086,49.0,2.0,353.0,6.751881720430107,1016.3997311827956,0.0819683107850688,-0.0732904107427646,-0.009085787486084,343.2454545454545,1405.8,80.63636363636364,11.0
Kairouan,2024,15.0,17.0,36879.0,34773.0,21.9716621253406,47.0,-1.3,268.7,6.290735694822888,1016.791553133515,0.0926692248773763,-0.0718498745244841,-0.0048019923883897,314.94,59.3,65.6,5.0
Kairouan,2025,29.0,36.17,36879.0,34773.0,21.713424657534247,47.7,0.8,259.8,6.023835616438356,1016.6457534246576,0.0967184463527816,-0.0661117097889653,0.0089611435498509,323.0436454752181,0.0,65.29756656992024,0.0
Kasserine,2015,13.0,22.0825,132326.0,26717.0,26.910591801085896,40.739999999999995,14.3,2.0555555555555554,13.165516360070134,1019.06875,0.09203161388121908,-0.06931741078330206,0.0008058387504478475,321.70263005783477,0.0,61.68557775341401,0.0
Kasserine,2016,17.0,8.688,132326.0,26717.0,22.00346496085974,40.233333333333334,4.311111111111111,5.672727272727273,13.619223517905711,1016.8962394965931,0.08933277091171263,-0.079292706691506,-0.0030758624181950996,322.52989787254387,0.0,61.49336910961134,0.0
Kasserine,2017,16.0,1017.521,132326.0,26717.0,21.272126366616064,44.44444444444444,0.35555555555555557,88.8,13.01565390444876,1016.840465441503,0.0944268191107382,-0.06406095298103373,0.008192211880793963,326.5986745217249,0.0,63.256359378637306,0.0
Kasserine,2018,11.0,1.995,132326.0,26717.0,20.45376754505939,45.14545454545455,1.8272727272727274,145.47272727272727,13.726083768892119,1015.0103880944705,0.09556175740947545,-0.06582210391356734,0.0047613527309758544,319.2079996939088,0.0,61.5048668503214,0.0
Kasserine,2019,13.0,1179.536,132326.0,26717.0,20.614126650036905,44.88181818181818,-1.9909090909090907,135.0,14.138777271102885,1015.6160992473164,0.1002167567313819,-0.06137518432071138,0.010599490958451991,323.4933877920087,0.0,68.466127675163,0.0
Kasserine,2020,25.0,22.026,132326.0,26717.0,21.32628943746091,44.554545454545455,1.1909090909090911,142.9090909090909,13.39006922932628,1016.8704736188581,0.08977367616120505,-0.06877452522284531,0.0008038702147865018,329.25747293512,0.0,71.88394781335957,0.0
Kasserine,2021,27.0,14122.48,132326.0,26717.0,22.090646902066204,47.654545454545456,0.1,152.75454545454545,13.769729967386246,1016.1590162087291,0.09056086888299263,-0.07136040127289321,-0.0033992255451026454,324.1634510140843,0.0,67.5791062391721,0.0
Kasserine,2022,10.0,2.5005,132326.0,26717.0,21.252064231033952,44.22727272727273,1.4909090909090907,161.3909090909091,12.909214717074235,1017.1483075252759,0.09062421070345383,-0.07001989969980184,-0.003517594190538891,322.98870284780577,0.0,62.83833935328518,0.0
Kasserine,2023,5.0,9.17,132326.0,26717.0,21.327951415829908,48.019999999999996,-4.0600000000000005,279.8818181818182,13.476098520463276,1016.4133592864315,0.08099979695142666,-0.07350739271986148,-0.009469364905817346,324.2538285968604,0.0,67.5316102425945,0.0
Kasserine,2024,19.0,7.0,132326.0,26717.0,21.380369550463985,44.08,-2.0699999999999994,204.76363636363638,13.516285262934412,1016.5428084522988,0.09208614438952391,-0.07286868368816443,-0.005818128310276672,316.2404094202899,0.0,66.7363612836439,0.0
Kasserine,2025,87.0,236.45,132326.0,26717.0,20.898164383561642,45.519999999999996,-1.9800000000000004,290.94545454545454,12.690000000000001,1016.4559146705442,0.09673333756028037,-0.06609225732263581,0.008981637089400819,323.0436454752181,0.0,65.29756656992024,0.0
Kebili,2015,1.0,0.5,30441.18181818182,15278.772727272728,26.910591801085896,40.739999999999995,14.3,2.0555555555555554,13.165516360070134,1019.06875,0.09203161388121908,-0.06931741078330206,0.0008058387504478475,321.70263005783477,0.0,61.68557775341401,0.0
Kebili,2016,0.0,0.0,30441.18181818182,15278.772727272728,22.00346496085974,40.233333333333334,4.311111111111111,5.672727272727273,13.619223517905711,1016.8962394965931,0.08933277091171263,-0.079292706691506,-0.0030758624181950996,322.52989787254387,0.0,61.49336910961134,0.0
Kebili,2017,0.0,0.0,30441.18181818182,15278.772727272728,21.272126366616064,44.44444444444444,0.35555555555555557,88.8,13.01565390444876,1016.840465441503,0.0944268191107382,-0.06406095298103373,0.008192211880793963,326.5986745217249,0.0,63.256359378637306,0.0
Kebili,2018,0.0,0.0,30441.18181818182,15278.772727272728,20.45376754505939,45.14545454545455,1.8272727272727274,145.47272727272727,13.726083768892119,1015.0103880944705,0.09556175740947545,-0.06582210391356734,0.0047613527309758544,319.2079996939088,0.0,61.5048668503214,0.0
Kebili,2019,0.0,0.0,30441.18181818182,15278.772727272728,20.614126650036905,44.88181818181818,-1.9909090909090907,135.0,14.138777271102885,1015.6160992473164,0.1002167567313819,-0.06137518432071138,0.010599490958451991,323.4933877920087,0.0,68.466127675163,0.0
Kebili,2020,0.0,0.0,30441.18181818182,15278.772727272728,21.32628943746091,44.554545454545455,1.1909090909090911,142.9090909090909,13.39006922932628,1016.8704736188581,0.08977367616120505,-0.06877452522284531,0.0008038702147865018,329.25747293512,0.0,71.88394781335957,0.0
Kebili,2021,0.0,0.0,30441.18181818182,15278.772727272728,22.090646902066204,47.654545454545456,0.1,152.75454545454545,13.769729967386246,1016.1590162087291,0.09056086888299263,-0.07136040127289321,-0.0033992255451026454,324.1634510140843,0.0,67.5791062391721,0.0
Kebili,2022,0.0,0.0,30441.18181818182,15278.772727272728,21.252064231033952,44.22727272727273,1.4909090909090907,161.3909090909091,12.909214717074235,1017.1483075252759,0.09062421070345383,-0.07001989969980184,-0.003517594190538891,322.98870284780577,0.0,62.83833935328518,0.0
Kebili,2023,0.0,0.0,30441.18181818182,15278.772727272728,21.327951415829908,48.019999999999996,-4.0600000000000005,279.8818181818182,13.476098520463276,1016.4133592864315,0.08099979695142666,-0.07350739271986148,-0.009469364905817346,324.2538285968604,0.0,67.5316102425945,0.0
Kebili,2024,0.0,0.0,30441.18181818182,15278.772727272728,21.380369550463985,44.08,-2.0699999999999994,204.76363636363638,13.516285262934412,1016.5428084522988,0.09208614438952391,-0.07286868368816443,-0.005818128310276672,316.2404094202899,0.0,66.7363612836439,0.0
Kebili,2025,4.0,0.0,30441.18181818182,15278.772727272728,20.898164383561642,45.519999999999996,-1.9800000000000004,290.94545454545454,12.690000000000001,1016.4559146705442,0.09673333756028037,-0.06609225732263581,0.008981637089400819,323.0436454752181,0.0,65.29756656992024,0.0
Le Kef,2015,47.0,132.222,77728.0,38088.0,26.910591801085896,40.739999999999995,14.3,2.0555555555555554,13.165516360070134,1019.06875,0.09203161388121908,-0.06931741078330206,0.0008058387504478475,321.70263005783477,0.0,61.68557775341401,0.0
Le Kef,2016,20.0,792.305,77728.0,38088.0,22.00346496085974,40.233333333333334,4.311111111111111,5.672727272727273,13.619223517905711,1016.8962394965931,0.08933277091171263,-0.079292706691506,-0.0030758624181950996,322.52989787254387,0.0,61.49336910961134,0.0
Le Kef,2017,26.0,157.43,77728.0,38088.0,21.272126366616064,44.44444444444444,0.35555555555555557,88.8,13.01565390444876,1016.840465441503,0.0944268191107382,-0.06406095298103373,0.008192211880793963,326.5986745217249,0.0,63.256359378637306,0.0
Le Kef,2018,4.0,155.05,77728.0,38088.0,20.45376754505939,45.14545454545455,1.8272727272727274,145.47272727272727,13.726083768892119,1015.0103880944705,0.09556175740947545,-0.06582210391356734,0.0047613527309758544,319.2079996939088,0.0,61.5048668503214,0.0
Le Kef,2019,7.0,8.07,77728.0,38088.0,20.614126650036905,44.88181818181818,-1.9909090909090907,135.0,14.138777271102885,1015.6160992473164,0.1002167567313819,-0.06137518432071138,0.010599490958451991,323.4933877920087,0.0,68.466127675163,0.0
Le Kef,2020,6.0,17.07,77728.0,38088.0,21.32628943746091,44.554545454545455,1.1909090909090911,142.9090909090909,13.39006922932628,1016.8704736188581,0.08977367616120505,-0.06877452522284531,0.0008038702147865018,329.25747293512,0.0,71.88394781335957,0.0
Le Kef,2021,11.0,3142.32,77728.0,38088.0,22.090646902066204,47.654545454545456,0.1,152.75454545454545,13.769729967386246,1016.1590162087291,0.09056086888299263,-0.07136040127289321,-0.0033992255451026454,324.1634510140843,0.0,67.5791062391721,0.0
Le Kef,2022,6.0,86.952,77728.0,38088.0,21.252064231033952,44.22727272727273,1.4909090909090907,161.3909090909091,12.909214717074235,1017.1483075252759,0.09062421070345383,-0.07001989969980184,-0.003517594190538891,322.98870284780577,0.0,62.83833935328518,0.0
Le Kef,2023,10.0,2.4,77728.0,38088.0,21.327951415829908,48.019999999999996,-4.0600000000000005,279.8818181818182,13.476098520463276,1016.4133592864315,0.08099979695142666,-0.07350739271986148,-0.009469364905817346,324.2538285968604,0.0,67.5316102425945,0.0
Le Kef,2024,1.0,3.0,77728.0,38088.0,21.380369550463985,44.08,-2.0699999999999994,204.76363636363638,13.516285262934412,1016.5428084522988,0.09208614438952391,-0.07286868368816443,-0.005818128310276672,316.2404094202899,0.0,66.7363612836439,0.0
Le Kef,2025,162.0,77.21,77728.0,38088.0,20.898164383561642,45.519999999999996,-1.9800000000000004,290.94545454545454,12.690000000000001,1016.4559146705442,0.09673333756028037,-0.06609225732263581,0.008981637089400819,323.0436454752181,0.0,65.29756656992024,0.0
Mahdia,2015,0.0,0.0,4488.0,421.0,26.910591801085896,40.739999999999995,14.3,2.0555555555555554,13.165516360070134,1019.06875,0.09203161388121908,-0.06931741078330206,0.0008058387504478475,321.70263005783477,0.0,61.68557775341401,0.0
Mahdia,2016,0.0,0.0,4488.0,421.0,22.00346496085974,40.233333333333334,4.311111111111111,5.672727272727273,13.619223517905711,1016.8962394965931,0.08933277091171263,-0.079292706691506,-0.0030758624181950996,322.52989787254387,0.0,61.49336910961134,0.0
Mahdia,2017,0.0,0.0,4488.0,421.0,21.272126366616064,44.44444444444444,0.35555555555555557,88.8,13.01565390444876,1016.840465441503,0.0944268191107382,-0.06406095298103373,0.008192211880793963,326.5986745217249,0.0,63.256359378637306,0.0
Mahdia,2018,0.0,0.0,4488.0,421.0,20.45376754505939,45.14545454545455,1.8272727272727274,145.47272727272727,13.726083768892119,1015.0103880944705,0.09556175740947545,-0.06582210391356734,0.0047613527309758544,319.2079996939088,0.0,61.5048668503214,0.0
Mahdia,2019,0.0,0.0,4488.0,421.0,20.614126650036905,44.88181818181818,-1.9909090909090907,135.0,14.138777271102885,1015.6160992473164,0.1002167567313819,-0.06137518432071138,0.010599490958451991,323.4933877920087,0.0,68.466127675163,0.0
Mahdia,2020,0.0,0.0,4488.0,421.0,21.32628943746091,44.554545454545455,1.1909090909090911,142.9090909090909,13.39006922932628,1016.8704736188581,0.08977367616120505,-0.06877452522284531,0.0008038702147865018,329.25747293512,0.0,71.88394781335957,0.0
Mahdia,2021,0.0,0.0,4488.0,421.0,22.090646902066204,47.654545454545456,0.1,152.75454545454545,13.769729967386246,1016.1590162087291,0.09056086888299263,-0.07136040127289321,-0.0033992255451026454,324.1634510140843,0.0,67.5791062391721,0.0
Mahdia,2022,0.0,0.0,4488.0,421.0,21.252064231033952,44.22727272727273,1.4909090909090907,161.3909090909091,12.909214717074235,1017.1483075252759,0.09062421070345383,-0.07001989969980184,-0.003517594190538891,322.98870284780577,0.0,62.83833935328518,0.0
Mahdia,2023,0.0,0.0,4488.0,421.0,21.327951415829908,48.019999999999996,-4.0600000000000005,279.8818181818182,13.476098520463276,1016.4133592864315,0.08099979695142666,-0.07350739271986148,-0.009469364905817346,324.2538285968604,0.0,67.5316102425945,0.0
Mahdia,2024,0.0,0.0,4488.0,421.0,21.380369550463985,44.08,-2.0699999999999994,204.76363636363638,13.516285262934412,1016.5428084522988,0.09208614438952391,-0.07286868368816443,-0.005818128310276672,316.2404094202899,0.0,66.7363612836439,0.0
Mahdia,2025,1.0,0.0,4488.0,421.0,20.898164383561642,45.519999999999996,-1.9800000000000004,290.94545454545454,12.690000000000001,1016.4559146705442,0.09673333756028037,-0.06609225732263581,0.008981637089400819,323.0436454752181,0.0,65.29756656992024,0.0
Manouba,2015,1.0,7.0,5708.0,6740.0,26.910591801085896,40.739999999999995,14.3,2.0555555555555554,13.165516360070134,1019.06875,0.09203161388121908,-0.06931741078330206,0.0008058387504478475,321.70263005783477,0.0,61.68557775341401,0.0
Manouba,2016,3.0,6.75,5708.0,6740.0,22.00346496085974,40.233333333333334,4.311111111111111,5.672727272727273,13.619223517905711,1016.8962394965931,0.08933277091171263,-0.079292706691506,-0.0030758624181950996,322.52989787254387,0.0,61.49336910961134,0.0
Manouba,2017,2.0,2.005,5708.0,6740.0,21.272126366616064,44.44444444444444,0.35555555555555557,88.8,13.01565390444876,1016.840465441503,0.0944268191107382,-0.06406095298103373,0.008192211880793963,326.5986745217249,0.0,63.256359378637306,0.0
Manouba,2018,0.0,0.0,5708.0,6740.0,20.45376754505939,45.14545454545455,1.8272727272727274,145.47272727272727,13.726083768892119,1015.0103880944705,0.09556175740947545,-0.06582210391356734,0.0047613527309758544,319.2079996939088,0.0,61.5048668503214,0.0
Manouba,2019,1.0,10.0,5708.0,6740.0,20.614126650036905,44.88181818181818,-1.9909090909090907,135.0,14.138777271102885,1015.6160992473164,0.1002167567313819,-0.06137518432071138,0.010599490958451991,323.4933877920087,0.0,68.466127675163,0.0
Manouba,2020,9.0,40.26,5708.0,6740.0,21.32628943746091,44.554545454545455,1.1909090909090911,142.9090909090909,13.39006922932628,1016.8704736188581,0.08977367616120505,-0.06877452522284531,0.0008038702147865018,329.25747293512,0.0,71.88394781335957,0.0
Manouba,2021,16.0,49.79,5708.0,6740.0,22.090646902066204,47.654545454545456,0.1,152.75454545454545,13.769729967386246,1016.1590162087291,0.09056086888299263,-0.07136040127289321,-0.0033992255451026454,324.1634510140843,0.0,67.5791062391721,0.0
Manouba,2022,9.0,14.0235,5708.0,6740.0,21.252064231033952,44.22727272727273,1.4909090909090907,161.3909090909091,12.909214717074235,1017.1483075252759,0.09062421070345383,-0.07001989969980184,-0.003517594190538891,322.98870284780577,0.0,62.83833935328518,0.0
Manouba,2023,3.0,0.5,5708.0,6740.0,21.327951415829908,48.019999999999996,-4.0600000000000005,279.8818181818182,13.476098520463276,1016.4133592864315,0.08099979695142666,-0.07350739271986148,-0.009469364905817346,324.2538285968604,0.0,67.5316102425945,0.0
Manouba,2024,2.0,1.5,5708.0,6740.0,21.380369550463985,44.08,-2.0699999999999994,204.76363636363638,13.516285262934412,1016.5428084522988,0.09208614438952391,-0.07286868368816443,-0.005818128310276672,316.2404094202899,0.0,66.7363612836439,0.0
Manouba,2025,67.0,53.58,5708.0,6740.0,20.898164383561642,45.519999999999996,-1.9800000000000004,290.94545454545454,12.690000000000001,1016.4559146705442,0.09673333756028037,-0.06609225732263581,0.008981637089400819,323.0436454752181,0.0,65.29756656992024,0.0
Medenine,2015,0.0,0.0,30441.18181818182,15278.772727272728,26.910591801085896,40.739999999999995,14.3,0.0,13.165516360070134,1019.06875,0.09203161388121908,-0.06931741078330206,0.0008058387504478475,313.1666666666667,46.3,47.0,3.0
Medenine,2016,0.0,0.0,30441.18181818182,15278.772727272728,22.00346496085974,40.233333333333334,4.311111111111111,0.0,13.619223517905711,1016.8962394965931,0.0901455429964953,-0.0773824890622776,-0.0013287955210824,313.93333333333334,37.0,44.66666666666666,3.0
Medenine,2017,0.0,0.0,30441.18181818182,15278.772727272728,21.272126366616064,44.44444444444444,0.35555555555555557,0.0,13.01565390444876,1016.840465441503,0.0949185866149827,-0.0618866748589598,0.0101557062937369,313.90000000000003,26.1,38.0,3.0
Medenine,2018,0.0,0.0,30441.18181818182,15278.772727272728,21.27521367521368,46.0,5.0,0.0,17.202279202279204,1013.8191176470588,0.0962429872729274,-0.0649755513727339,0.0057489074425385,312.56666666666666,25.7,48.0,3.0
Medenine,2019,0.0,0.0,30441.18181818182,15278.772727272728,21.004109589041096,43.0,6.0,0.0,18.073698630136985,1015.6276712328768,0.1001736227068263,-0.0604023280224889,0.011404007115246,314.125,43.4,46.5,4.0
Medenine,2020,0.0,0.0,30441.18181818182,15278.772727272728,21.317711171662125,45.0,5.9,0.0,16.810899182561307,1016.9133514986376,0.089974976994274,-0.0677804128929296,0.001699915257582,317.0,21.9,67.0,2.0
Medenine,2021,0.0,0.0,30441.18181818182,15278.772727272728,21.636438356164383,45.0,5.0,0.0,17.793972602739725,1016.337808219178,0.090681013014544,-0.0699305164174581,-0.0028910584694484,324.1634510140843,0.0,67.5791062391721,0.0
Medenine,2022,0.0,0.0,30441.18181818182,15278.772727272728,21.339726027397266,40.0,4.9,78.5,15.30164383561644,1017.4487671232876,0.0894342247245935,-0.0704756873095148,-0.0041143656796466,313.54999999999995,22.7,39.5,2.0
Medenine,2023,0.0,0.0,30441.18181818182,15278.772727272728,21.10383561643836,47.6,2.1,348.1,15.467397260273971,1016.872602739726,0.0811596323842367,-0.0733066499186358,-0.009371987897215,313.1,17.5,19.0,1.0
Medenine,2024,0.0,0.0,30441.18181818182,15278.772727272728,21.06120218579235,43.6,4.9,253.1,15.520491803278688,1016.9322404371584,0.092575813105729,-0.0719558111787363,-0.0050975079747804,316.2404094202899,0.0,66.7363612836439,0.0
Medenine,2025,0.0,0.0,30441.18181818182,15278.772727272728,20.934794520547943,46.9,6.1,358.9,14.664383561643836,1016.7945205479452,0.0967184463527816,-0.0661117097889653,0.0089611435498509,323.0436454752181,0.0,65.29756656992024,0.0
Monastir,2015,0.0,0.0,301.0,203.0,26.910591801085896,40.739999999999995,14.3,2.0555555555555554,13.165516360070134,1019.06875,0.09203161388121908,-0.06931741078330206,0.0008058387504478475,321.70263005783477,0.0,61.68557775341401,0.0
Monastir,2016,0.0,0.0,301.0,203.0,22.00346496085974,40.233333333333334,4.311111111111111,5.672727272727273,13.619223517905711,1016.8962394965931,0.08933277091171263,-0.079292706691506,-0.0030758624181950996,322.52989787254387,0.0,61.49336910961134,0.0
Monastir,2017,0.0,0.0,301.0,203.0,21.272126366616064,44.44444444444444,0.35555555555555557,88.8,13.01565390444876,1016.840465441503,0.0944268191107382,-0.06406095298103373,0.008192211880793963,326.5986745217249,0.0,63.256359378637306,0.0
Monastir,2018,0.0,0.0,301.0,203.0,20.45376754505939,45.14545454545455,1.8272727272727274,145.47272727272727,13.726083768892119,1015.0103880944705,0.09556175740947545,-0.06582210391356734,0.0047613527309758544,319.2079996939088,0.0,61.5048668503214,0.0
Monastir,2019,0.0,0.0,301.0,203.0,20.614126650036905,44.88181818181818,-1.9909090909090907,135.0,14.138777271102885,1015.6160992473164,0.1002167567313819,-0.06137518432071138,0.010599490958451991,323.4933877920087,0.0,68.466127675163,0.0
Monastir,2020,0.0,0.0,301.0,203.0,21.32628943746091,44.554545454545455,1.1909090909090911,142.9090909090909,13.39006922932628,1016.8704736188581,0.08977367616120505,-0.06877452522284531,0.0008038702147865018,329.25747293512,0.0,71.88394781335957,0.0
Monastir,2021,0.0,0.0,301.0,203.0,22.090646902066204,47.654545454545456,0.1,152.75454545454545,13.769729967386246,1016.1590162087291,0.09056086888299263,-0.07136040127289321,-0.0033992255451026454,324.1634510140843,0.0,67.5791062391721,0.0
Monastir,2022,0.0,0.0,301.0,203.0,21.252064231033952,44.22727272727273,1.4909090909090907,161.3909090909091,12.909214717074235,1017.1483075252759,0.09062421070345383,-0.07001989969980184,-0.003517594190538891,322.98870284780577,0.0,62.83833935328518,0.0
Monastir,2023,0.0,0.0,301.0,203.0,21.327951415829908,48.019999999999996,-4.0600000000000005,279.8818181818182,13.476098520463276,1016.4133592864315,0.08099979695142666,-0.07350739271986148,-0.009469364905817346,324.2538285968604,0.0,67.5316102425945,0.0
Monastir,2024,1.0,1.5,301.0,203.0,21.380369550463985,44.08,-2.0699999999999994,204.76363636363638,13.516285262934412,1016.5428084522988,0.09208614438952391,-0.07286868368816443,-0.005818128310276672,316.2404094202899,0.0,66.7363612836439,0.0
Monastir,2025,6.0,0.32,301.0,203.0,20.898164383561642,45.519999999999996,-1.9800000000000004,290.94545454545454,12.690000000000001,1016.4559146705442,0.09673333756028037,-0.06609225732263581,0.008981637089400819,323.0436454752181,0.0,65.29756656992024,0.0
Nabeul,2015,24.0,13.1085,42410.0,26664.0,26.910591801085896,40.739999999999995,14.3,2.0555555555555554,13.165516360070134,1019.06875,0.09203161388121908,-0.06931741078330206,0.0008058387504478475,321.70263005783477,0.0,61.68557775341401,0.0
Nabeul,2016,8.0,7.33,42410.0,26664.0,22.00346496085974,40.233333333333334,4.311111111111111,5.672727272727273,13.619223517905711,1016.8962394965931,0.08933277091171263,-0.079292706691506,-0.0030758624181950996,322.52989787254387,0.0,61.49336910961134,0.0
Nabeul,2017,17.0,6.884,42410.0,26664.0,21.272126366616064,44.44444444444444,0.35555555555555557,88.8,13.01565390444876,1016.840465441503,0.0944268191107382,-0.06406095298103373,0.008192211880793963,326.5986745217249,0.0,63.256359378637306,0.0
Nabeul,2018,11.0,35.186,42410.0,26664.0,20.45376754505939,45.14545454545455,1.8272727272727274,145.47272727272727,13.726083768892119,1015.0103880944705,0.09556175740947545,-0.06582210391356734,0.0047613527309758544,319.2079996939088,0.0,61.5048668503214,0.0
Nabeul,2019,13.0,191.042,42410.0,26664.0,20.614126650036905,44.88181818181818,-1.9909090909090907,135.0,14.138777271102885,1015.6160992473164,0.1002167567313819,-0.06137518432071138,0.010599490958451991,323.4933877920087,0.0,68.466127675163,0.0
Nabeul,2020,17.0,68.71,42410.0,26664.0,21.32628943746091,44.554545454545455,1.1909090909090911,142.9090909090909,13.39006922932628,1016.8704736188581,0.08977367616120505,-0.06877452522284531,0.0008038702147865018,329.25747293512,0.0,71.88394781335957,0.0
Nabeul,2021,34.0,464.387,42410.0,26664.0,22.090646902066204,47.654545454545456,0.1,152.75454545454545,13.769729967386246,1016.1590162087291,0.09056086888299263,-0.07136040127289321,-0.0033992255451026454,324.1634510140843,0.0,67.5791062391721,0.0
Nabeul,2022,63.0,243.168,42410.0,26664.0,21.252064231033952,44.22727272727273,1.4909090909090907,161.3909090909091,12.909214717074235,1017.1483075252759,0.09062421070345383,-0.07001989969980184,-0.003517594190538891,322.98870284780577,0.0,62.83833935328518,0.0
Nabeul,2023,40.0,114.65,42410.0,26664.0,21.327951415829908,48.019999999999996,-4.0600000000000005,279.8818181818182,13.476098520463276,1016.4133592864315,0.08099979695142666,-0.07350739271986148,-0.009469364905817346,324.2538285968604,0.0,67.5316102425945,0.0
Nabeul,2024,39.0,30.0,42410.0,26664.0,21.380369550463985,44.08,-2.0699999999999994,204.76363636363638,13.516285262934412,1016.5428084522988,0.09208614438952391,-0.07286868368816443,-0.005818128310276672,316.2404094202899,0.0,66.7363612836439,0.0
Nabeul,2025,43.0,30.61,42410.0,26664.0,20.898164383561642,45.519999999999996,-1.9800000000000004,290.94545454545454,12.690000000000001,1016.4559146705442,0.09673333756028037,-0.06609225732263581,0.008981637089400819,323.0436454752181,0.0,65.29756656992024,0.0
Sfax,2015,1.0,2.0,4999.0,1516.0,20.6,40.739999999999995,14.3,0.0,13.2,1019.06875,0.09203161388121908,-0.06931741078330206,0.0008058387504478475,304.3,13.7,58.0,2.0
Sfax,2016,0.0,0.0,4999.0,1516.0,20.605263157894736,37.3,4.6,0.0,13.260526315789477,1017.0757575757576,0.0901455429964953,-0.0773824890622776,-0.0013287955210824,308.7,28.8,62.0,2.0
Sfax,2017,0.0,0.0,4999.0,1516.0,19.7146408839779,43.5,2.0,0.0,13.279834254143648,1017.0873595505616,0.0952359678303023,-0.0619785924986066,0.0100658464620482,313.75,79.3,53.833333333333336,6.0
Sfax,2018,0.0,0.0,4999.0,1516.0,20.385635359116023,41.0,2.7,0.0,13.485635359116024,1015.1708454810496,0.0962020724627576,-0.0651336526164884,0.0056189596557705,319.3,10.7,18.0,1.0
Sfax,2019,0.0,0.0,4999.0,1516.0,20.072602739726022,44.1,-45.0,0.0,13.554246575342466,1015.2424657534248,0.1002552810693127,-0.0606507085423117,0.0111395450174861,323.4933877920087,0.0,68.466127675163,0.0
Sfax,2020,0.0,0.0,4999.0,1516.0,20.54699453551913,41.0,2.7,0.0,12.78360655737705,1016.771038251366,0.0900493220006376,-0.0676357965852909,0.0018146089846232,330.7,14.1,68.0,1.0
Sfax,2021,0.0,0.0,4999.0,1516.0,20.977534246575345,46.0,2.0,0.0,13.366575342465756,1016.2038356164384,0.0904896519028037,-0.0709017170652003,-0.0033921366816773,307.56,60.10000000000001,67.4,5.0
Sfax,2022,0.0,0.0,4999.0,1516.0,21.40164383561644,43.0,3.0,27.0,12.764109589041094,1017.1964383561644,0.0894569314080102,-0.0704760171993272,-0.0041628146206618,302.1,6.5,46.0,1.0
Sfax,2023,0.0,0.0,4999.0,1516.0,21.20817438692098,46.0,3.0,176.2,13.091553133514989,1016.4400544959128,0.0812084893831888,-0.0732529540950654,-0.0092566503380868,312.02,258.6,68.0,5.0
Sfax,2024,0.0,0.0,4999.0,1516.0,21.67853260869565,38.2,5.0,162.3,13.25679347826087,1016.51875,0.0935449948159916,-0.0713688078757633,-0.0042695056772494,306.9833333333333,67.0,64.16666666666667,6.0
Sfax,2025,2.0,0.05,4999.0,1516.0,21.055890410958902,44.0,3.7,330.4,12.661369863013698,1016.4750684931508,0.0967184463527816,-0.0661117097889653,0.0089611435498509,323.0436454752181,0.0,65.29756656992024,0.0
Sidi Bouzid,2015,9.0,17.1106,16820.0,5135.0,26.910591801085896,40.739999999999995,14.3,2.0555555555555554,13.165516360070134,1019.06875,0.09203161388121908,-0.06931741078330206,0.0008058387504478475,321.70263005783477,0.0,61.68557775341401,0.0
Sidi Bouzid,2016,0.0,0.0,16820.0,5135.0,22.00346496085974,40.233333333333334,4.311111111111111,5.672727272727273,13.619223517905711,1016.8962394965931,0.08933277091171263,-0.079292706691506,-0.0030758624181950996,322.52989787254387,0.0,61.49336910961134,0.0
Sidi Bouzid,2017,0.0,0.0,16820.0,5135.0,21.272126366616064,44.44444444444444,0.35555555555555557,88.8,13.01565390444876,1016.840465441503,0.0944268191107382,-0.06406095298103373,0.008192211880793963,326.5986745217249,0.0,63.256359378637306,0.0
Sidi Bouzid,2018,0.0,0.0,16820.0,5135.0,20.45376754505939,45.14545454545455,1.8272727272727274,145.47272727272727,13.726083768892119,1015.0103880944705,0.09556175740947545,-0.06582210391356734,0.0047613527309758544,319.2079996939088,0.0,61.5048668503214,0.0
Sidi Bouzid,2019,0.0,0.0,16820.0,5135.0,20.614126650036905,44.88181818181818,-1.9909090909090907,135.0,14.138777271102885,1015.6160992473164,0.1002167567313819,-0.06137518432071138,0.010599490958451991,323.4933877920087,0.0,68.466127675163,0.0
Sidi Bouzid,2020,0.0,0.0,16820.0,5135.0,21.32628943746091,44.554545454545455,1.1909090909090911,142.9090909090909,13.39006922932628,1016.8704736188581,0.08977367616120505,-0.06877452522284531,0.0008038702147865018,329.25747293512,0.0,71.88394781335957,0.0
Sidi Bouzid,2021,0.0,0.0,16820.0,5135.0,22.090646902066204,47.654545454545456,0.1,152.75454545454545,13.769729967386246,1016.1590162087291,0.09056086888299263,-0.07136040127289321,-0.0033992255451026454,324.1634510140843,0.0,67.5791062391721,0.0
Sidi Bouzid,2022,0.0,0.0,16820.0,5135.0,21.252064231033952,44.22727272727273,1.4909090909090907,161.3909090909091,12.909214717074235,1017.1483075252759,0.09062421070345383,-0.07001989969980184,-0.003517594190538891,322.98870284780577,0.0,62.83833935328518,0.0
Sidi Bouzid,2023,0.0,0.0,16820.0,5135.0,21.327951415829908,48.019999999999996,-4.0600000000000005,279.8818181818182,13.476098520463276,1016.4133592864315,0.08099979695142666,-0.07350739271986148,-0.009469364905817346,324.2538285968604,0.0,67.5316102425945,0.0
Sidi Bouzid,2024,2.0,0.11,16820.0,5135.0,21.380369550463985,44.08,-2.0699999999999994,204.76363636363638,13.516285262934412,1016.5428084522988,0.09208614438952391,-0.07286868368816443,-0.005818128310276672,316.2404094202899,0.0,66.7363612836439,0.0
Sidi Bouzid,2025,8.0,2.75,16820.0,5135.0,20.898164383561642,45.519999999999996,-1.9800000000000004,290.94545454545454,12.690000000000001,1016.4559146705442,0.09673333756028037,-0.06609225732263581,0.008981637089400819,323.0436454752181,0.0,65.29756656992024,0.0
Siliana,2015,42.0,87.87,82399.0,45963.0,26.910591801085896,40.739999999999995,14.3,2.0555555555555554,13.165516360070134,1019.06875,0.09203161388121908,-0.06931741078330206,0.0008058387504478475,321.70263005783477,0.0,61.68557775341401,0.0
Siliana,2016,45.0,638.8836,82399.0,45963.0,22.00346496085974,40.233333333333334,4.311111111111111,5.672727272727273,13.619223517905711,1016.8962394965931,0.08933277091171263,-0.079292706691506,-0.0030758624181950996,322.52989787254387,0.0,61.49336910961134,0.0
Siliana,2017,45.0,2526.789,82399.0,45963.0,21.272126366616064,44.44444444444444,0.35555555555555557,88.8,13.01565390444876,1016.840465441503,0.0944268191107382,-0.06406095298103373,0.008192211880793963,326.5986745217249,0.0,63.256359378637306,0.0
Siliana,2018,25.0,710.205,82399.0,45963.0,20.45376754505939,45.14545454545455,1.8272727272727274,145.47272727272727,13.726083768892119,1015.0103880944705,0.09556175740947545,-0.06582210391356734,0.0047613527309758544,319.2079996939088,0.0,61.5048668503214,0.0
Siliana,2019,9.0,12.58,82399.0,45963.0,20.614126650036905,44.88181818181818,-1.9909090909090907,135.0,14.138777271102885,1015.6160992473164,0.1002167567313819,-0.06137518432071138,0.010599490958451991,323.4933877920087,0.0,68.466127675163,0.0
Siliana,2020,32.0,64.035,82399.0,45963.0,21.32628943746091,44.554545454545455,1.1909090909090911,142.9090909090909,13.39006922932628,1016.8704736188581,0.08977367616120505,-0.06877452522284531,0.0008038702147865018,329.25747293512,0.0,71.88394781335957,0.0
Siliana,2021,33.0,61.18,82399.0,45963.0,22.090646902066204,47.654545454545456,0.1,152.75454545454545,13.769729967386246,1016.1590162087291,0.09056086888299263,-0.07136040127289321,-0.0033992255451026454,324.1634510140843,0.0,67.5791062391721,0.0
Siliana,2022,18.0,1250.515,82399.0,45963.0,21.252064231033952,44.22727272727273,1.4909090909090907,161.3909090909091,12.909214717074235,1017.1483075252759,0.09062421070345383,-0.07001989969980184,-0.003517594190538891,322.98870284780577,0.0,62.83833935328518,0.0
Siliana,2023,38.0,1242.03,82399.0,45963.0,21.327951415829908,48.019999999999996,-4.0600000000000005,279.8818181818182,13.476098520463276,1016.4133592864315,0.08099979695142666,-0.07350739271986148,-0.009469364905817346,324.2538285968604,0.0,67.5316102425945,0.0
Siliana,2024,30.0,11.0,82399.0,45963.0,21.380369550463985,44.08,-2.0699999999999994,204.76363636363638,13.516285262934412,1016.5428084522988,0.09208614438952391,-0.07286868368816443,-0.005818128310276672,316.2404094202899,0.0,66.7363612836439,0.0
Siliana,2025,46.0,1446.21,82399.0,45963.0,20.898164383561642,45.519999999999996,-1.9800000000000004,290.94545454545454,12.690000000000001,1016.4559146705442,0.09673333756028037,-0.06609225732263581,0.008981637089400819,323.0436454752181,0.0,65.29756656992024,0.0
Sousse,2015,2.0,0.055,6320.0,3593.0,26.683333333333334,40.739999999999995,14.3,0.0,17.71666666666667,1019.06875,0.09203161388121908,-0.06931741078330206,0.0008058387504478475,322.1,60.9,38.333333333333336,6.0
Sousse,2016,0.0,0.0,6320.0,3593.0,19.77173913043478,34.0,6.0,0.0,16.767391304347825,1016.8962394965931,0.0901455429964953,-0.0773824890622776,-0.0013287955210824,322.3090909090909,243.4,55.09090909090909,11.0
Sousse,2017,0.0,0.0,6320.0,3593.0,18.75726495726496,39.0,2.0,0.0,15.585260115606935,1017.2708978328174,0.0950202613685378,-0.0616070831116321,0.0104152801936478,328.15714285714284,284.3,50.285714285714285,7.0
Sousse,2018,0.0,0.0,6320.0,3593.0,19.230446927374302,43.0,2.0,0.0,15.253107344632769,1014.3691176470588,0.0961790928862662,-0.0650596213007333,0.0056597768874327,333.28000000000003,105.1,62.2,5.0
Sousse,2019,0.0,0.0,6320.0,3593.0,18.97664835164835,42.0,2.5,0.0,16.034444444444443,1015.7022099447514,0.1001373667093062,-0.0603417209549223,0.0113557521509087,322.93636363636364,135.7,58.09090909090909,11.0
Sousse,2020,0.0,0.0,6320.0,3593.0,19.16376021798365,42.0,1.0,0.0,15.003814713896457,1017.165459610028,0.0910615079269361,-0.0670019346621858,0.0025136863091293,322.925,140.3,51.5,12.0
Sousse,2021,0.0,0.0,6320.0,3593.0,19.55327868852459,47.0,0.0,211.2,15.238524590163935,1016.2803278688524,0.0912864734419494,-0.069624858033433,-0.0024658016450994,318.56666666666666,59.3,52.5,6.0
Sousse,2022,0.0,0.0,6320.0,3593.0,19.974863387978143,42.0,-1.0,230.3,15.127322404371586,1017.0371584699452,0.0898677828043823,-0.0702853058270395,-0.0039047281318194,322.75714285714287,101.9,57.0,7.0
Sousse,2023,0.0,0.0,6320.0,3593.0,19.92267759562841,48.0,-3.3,301.3,15.76311475409836,1016.3333333333334,0.0813122660400368,-0.0731862448160316,-0.009075348828835,315.425,72.2,56.5,8.0
Sousse,2024,0.0,0.0,6320.0,3593.0,20.078201634877384,41.0,2.6,219.3,15.26267029972752,1016.3938202247192,0.0926908575597537,-0.0721044549771429,-0.0051737832231014,311.075,37.5,59.0,4.0
Sousse,2025,66.0,12.32,6320.0,3593.0,19.91917808219178,42.0,2.0,355.2,14.242739726027398,1016.2354748603352,0.0967184463527816,-0.0661117097889653,0.0089611435498509,323.0436454752181,0.0,65.29756656992024,0.0
Tataouine,2015,0.0,0.0,606.0,19.0,26.910591801085896,40.739999999999995,14.3,0.0,13.165516360070134,1019.06875,0.09203161388121908,-0.06931741078330206,0.0008058387504478475,303.84000000000003,55.8,53.6,5.0
Tataouine,2016,0.0,0.0,606.0,19.0,22.00346496085974,40.233333333333334,4.311111111111111,0.0,13.619223517905711,1016.8962394965931,0.0901455429964953,-0.0773824890622776,-0.0013287955210824,302.25,63.3,43.5,4.0
Tataouine,2017,0.0,0.0,606.0,19.0,21.272126366616064,44.44444444444444,0.35555555555555557,0.0,13.01565390444876,1016.840465441503,0.0955940021331333,-0.0619258745917777,0.0103752572036639,304.6,16.5,57.0,2.0
Tataouine,2018,0.0,0.0,606.0,19.0,22.0003937007874,47.0,4.3,0.0,9.352799999999998,1016.417094017094,0.0919317256654851,-0.0673295406319047,0.0020078956726806,313.8333333333333,44.0,83.0,3.0
Tataouine,2019,0.0,0.0,606.0,19.0,21.535119047619048,46.0,3.0,0.0,10.23402985074627,1016.4517027863778,0.0996491791848898,-0.0613557011992889,0.0104496262493982,307.4,22.200000000000003,71.5,2.0
Tataouine,2020,0.0,0.0,606.0,19.0,22.752566735112936,46.0,-0.8,0.0,11.3041067761807,1017.1569915254236,0.0874793053619734,-0.0696594365563374,-0.0002805485584834,309.8,15.8,78.0,1.0
Tataouine,2021,0.0,0.0,606.0,19.0,21.98745247148289,48.0,-1.0,31.2,12.612927756653992,1017.0912547528516,0.0967549940489308,-0.0650460083498614,0.0026842746121377,306.6375,102.1,60.5,8.0
Tataouine,2022,0.0,0.0,606.0,19.0,14.928695652173912,36.1,3.0,20.4,9.92,1019.5191304347826,0.102961140156613,-0.0535423551186107,0.0126766446777361,311.5,8.0,80.0,1.0
Tataouine,2023,0.0,0.0,606.0,19.0,21.327951415829908,48.019999999999996,-4.0600000000000005,0.0,13.476098520463276,1016.4133592864315,0.0815716221596282,-0.0735203383024515,-0.0094952898352928,324.2,20.6,100.0,1.0
Tataouine,2024,0.0,0.0,606.0,19.0,21.380369550463985,44.08,-2.0699999999999994,0.0,13.516285262934412,1016.5428084522988,0.0893884082498809,-0.0806835663430985,-0.0115982438228795,305.7133333333333,120.6,63.0,15.0
Tataouine,2025,0.0,0.0,606.0,19.0,20.898164383561642,45.519999999999996,-1.9800000000000004,0.0,12.690000000000001,1016.4559146705442,0.0968822496352681,-0.0658977326593409,0.0091865724849,323.0436454752181,0.0,65.29756656992024,0.0
Tozeur,2015,0.0,0.0,304.0,255.0,26.910591801085896,40.739999999999995,14.3,2.0555555555555554,13.165516360070134,1019.06875,0.09203161388121908,-0.06931741078330206,0.0008058387504478475,321.70263005783477,0.0,61.68557775341401,0.0
Tozeur,2016,0.0,0.0,304.0,255.0,23.302857142857142,45.3,5.6,0.0,16.66176470588235,1017.07,0.0901455429964953,-0.0773824890622776,-0.0013287955210824,322.52989787254387,0.0,61.49336910961134,0.0
Tozeur,2017,0.0,0.0,304.0,255.0,22.135919540229885,48.0,2.0,0.0,16.99712643678161,1016.968731563422,0.0949788777840261,-0.0619829032522028,0.0100774360159482,326.5986745217249,0.0,63.256359378637306,0.0
Tozeur,2018,0.0,0.0,304.0,255.0,22.818282548476454,49.0,4.2,0.0,17.99667590027701,1014.7365994236312,0.096140046359229,-0.0652526070450066,0.0055009856732815,302.7,6.8,44.0,1.0
Tozeur,2019,0.0,0.0,304.0,255.0,22.68219178082192,48.0,2.0,0.0,18.32301369863013,1015.171780821918,0.1001211871510624,-0.0606474722971634,0.011077423557863,324.95,159.6,72.25,4.0
Tozeur,2020,0.0,0.0,304.0,255.0,23.062841530054644,46.1,3.0,0.0,17.98879781420765,1016.4505464480876,0.0901255366055808,-0.0675673582892482,0.00187413447246,363.6,85.2,100.0,1.0
Tozeur,2021,0.0,0.0,304.0,255.0,23.572554347826088,49.0,0.9,0.0,18.82146739130435,1015.766847826087,0.0901658871219545,-0.067781832356921,-0.000126512512837,324.67499999999995,126.7,72.5,4.0
Tozeur,2022,0.0,0.0,304.0,255.0,23.683287671232875,48.0,3.0,20.9,17.820273972602738,1016.494794520548,0.0895423889871452,-0.0706292726956057,-0.0043547257721499,300.3,8.0,25.0,1.0
Tozeur,2023,0.0,0.0,304.0,255.0,23.567123287671237,49.0,2.0,55.0,17.1,1015.7646575342466,0.0812329838610668,-0.0732600375644541,-0.0093461580516236,324.2538285968604,0.0,67.5316102425945,0.0
Tozeur,2024,0.0,0.0,304.0,255.0,23.95437158469945,48.0,3.3,85.9,18.624043715846994,1015.65,0.092530341149867,-0.0721330324054009,-0.0053739426960587,319.8,12.0,99.0,1.0
Tozeur,2025,0.0,0.0,304.0,255.0,23.35698630136986,47.2,4.8,172.3,17.32958904109589,1015.54,0.0967184463527816,-0.0661117097889653,0.0089611435498509,323.0436454752181,0.0,65.29756656992024,0.0
Tunis,2015,3.0,0.12,1702.0,182.0,26.910591801085896,40.739999999999995,14.3,2.0555555555555554,13.165516360070134,1019.06875,0.09203161388121908,-0.06931741078330206,0.0008058387504478475,321.70263005783477,0.0,61.68557775341401,0.0
Tunis,2016,0.0,0.0,1702.0,182.0,22.00346496085974,40.233333333333334,4.311111111111111,5.672727272727273,13.619223517905711,1016.8962394965931,0.08933277091171263,-0.079292706691506,-0.0030758624181950996,322.52989787254387,0.0,61.49336910961134,0.0
Tunis,2017,2.0,0.75,1702.0,182.0,21.272126366616064,44.44444444444444,0.35555555555555557,88.8,13.01565390444876,1016.840465441503,0.0944268191107382,-0.06406095298103373,0.008192211880793963,326.5986745217249,0.0,63.256359378637306,0.0
Tunis,2018,2.0,0.8,1702.0,182.0,20.45376754505939,45.14545454545455,1.8272727272727274,145.47272727272727,13.726083768892119,1015.0103880944705,0.09556175740947545,-0.06582210391356734,0.0047613527309758544,319.2079996939088,0.0,61.5048668503214,0.0
Tunis,2019,0.0,0.0,1702.0,182.0,20.614126650036905,44.88181818181818,-1.9909090909090907,135.0,14.138777271102885,1015.6160992473164,0.1002167567313819,-0.06137518432071138,0.010599490958451991,323.4933877920087,0.0,68.466127675163,0.0
Tunis,2020,3.0,0.3,1702.0,182.0,21.32628943746091,44.554545454545455,1.1909090909090911,142.9090909090909,13.39006922932628,1016.8704736188581,0.08977367616120505,-0.06877452522284531,0.0008038702147865018,329.25747293512,0.0,71.88394781335957,0.0
Tunis,2021,2.0,0.32,1702.0,182.0,22.090646902066204,47.654545454545456,0.1,152.75454545454545,13.769729967386246,1016.1590162087291,0.09056086888299263,-0.07136040127289321,-0.0033992255451026454,324.1634510140843,0.0,67.5791062391721,0.0
Tunis,2022,1.0,0.007,1702.0,182.0,21.252064231033952,44.22727272727273,1.4909090909090907,161.3909090909091,12.909214717074235,1017.1483075252759,0.09062421070345383,-0.07001989969980184,-0.003517594190538891,322.98870284780577,0.0,62.83833935328518,0.0
Tunis,2023,0.0,0.0,1702.0,182.0,21.327951415829908,48.019999999999996,-4.0600000000000005,279.8818181818182,13.476098520463276,1016.4133592864315,0.08099979695142666,-0.07350739271986148,-0.009469364905817346,324.2538285968604,0.0,67.5316102425945,0.0
Tunis,2024,0.0,0.0,1702.0,182.0,21.380369550463985,44.08,-2.0699999999999994,204.76363636363638,13.516285262934412,1016.5428084522988,0.09208614438952391,-0.07286868368816443,-0.005818128310276672,316.2404094202899,0.0,66.7363612836439,0.0
Tunis,2025,2.0,0.0,1702.0,182.0,20.898164383561642,45.519999999999996,-1.9800000000000004,290.94545454545454,12.690000000000001,1016.4559146705442,0.09673333756028037,-0.06609225732263581,0.008981637089400819,323.0436454752181,0.0,65.29756656992024,0.0
Zaghouan,2015,24.0,18.045,52575.0,25291.0,26.910591801085896,40.739999999999995,14.3,2.0555555555555554,13.165516360070134,1019.06875,0.09203161388121908,-0.06931741078330206,0.0008058387504478475,321.70263005783477,0.0,61.68557775341401,0.0
Zaghouan,2016,31.0,47.397,52575.0,25291.0,22.00346496085974,40.233333333333334,4.311111111111111,5.672727272727273,13.619223517905711,1016.8962394965931,0.08933277091171263,-0.079292706691506,-0.0030758624181950996,322.52989787254387,0.0,61.49336910961134,0.0
Zaghouan,2017,18.0,546.597,52575.0,25291.0,21.272126366616064,44.44444444444444,0.35555555555555557,88.8,13.01565390444876,1016.840465441503,0.0944268191107382,-0.06406095298103373,0.008192211880793963,326.5986745217249,0.0,63.256359378637306,0.0
Zaghouan,2018,14.0,17.049,52575.0,25291.0,20.45376754505939,45.14545454545455,1.8272727272727274,145.47272727272727,13.726083768892119,1015.0103880944705,0.09556175740947545,-0.06582210391356734,0.0047613527309758544,319.2079996939088,0.0,61.5048668503214,0.0
Zaghouan,2019,11.0,5.207,52575.0,25291.0,20.614126650036905,44.88181818181818,-1.9909090909090907,135.0,14.138777271102885,1015.6160992473164,0.1002167567313819,-0.06137518432071138,0.010599490958451991,323.4933877920087,0.0,68.466127675163,0.0
Zaghouan,2020,17.0,35.4,52575.0,25291.0,21.32628943746091,44.554545454545455,1.1909090909090911,142.9090909090909,13.39006922932628,1016.8704736188581,0.08977367616120505,-0.06877452522284531,0.0008038702147865018,329.25747293512,0.0,71.88394781335957,0.0
Zaghouan,2021,26.0,1426.89,52575.0,25291.0,22.090646902066204,47.654545454545456,0.1,152.75454545454545,13.769729967386246,1016.1590162087291,0.09056086888299263,-0.07136040127289321,-0.0033992255451026454,324.1634510140843,0.0,67.5791062391721,0.0
Zaghouan,2022,25.0,675.055,52575.0,25291.0,21.252064231033952,44.22727272727273,1.4909090909090907,161.3909090909091,12.909214717074235,1017.1483075252759,0.09062421070345383,-0.07001989969980184,-0.003517594190538891,322.98870284780577,0.0,62.83833935328518,0.0
Zaghouan,2023,14.0,12.91,52575.0,25291.0,21.327951415829908,48.019999999999996,-4.0600000000000005,279.8818181818182,13.476098520463276,1016.4133592864315,0.08099979695142666,-0.07350739271986148,-0.009469364905817346,324.2538285968604,0.0,67.5316102425945,0.0
Zaghouan,2024,3.0,280.0,52575.0,25291.0,21.380369550463985,44.08,-2.0699999999999994,204.76363636363638,13.516285262934412,1016.5428084522988,0.09208614438952391,-0.07286868368816443,-0.005818128310276672,316.2404094202899,0.0,66.7363612836439,0.0
Zaghouan,2025,74.0,824.75,52575.0,25291.0,20.898164383561642,45.519999999999996,-1.9800000000000004,290.94545454545454,12.690000000000001,1016.4559146705442,0.09673333756028037,-0.06609225732263581,0.008981637089400819,323.0436454752181,0.0,65.29756656992024,0.0
